"시도명(1)","시점","시군구(1)",관용,관용,관용,관용,관용,자가용,자가용,자가용,자가용,자가용
"시도명(1)","시점","시군구(1)",소계,경형,소형,중형,대형,소계,경형,소형,중형,대형
"부산","2014.01","금정구",108,24,10,74,0,8012,543,2653,4630,186
"부산","2014.01","기장군",50,7,7,36,0,4129,333,1453,2218,125
"부산","2014.01","남구",50,4,7,34,5,10812,736,3309,6473,294
"부산","2014.01","동구",25,2,1,22,0,4277,440,1149,2556,132
"부산","2014.01","동래구",62,3,1,58,0,8580,657,2968,4757,198
"부산","2014.01","부산진구",123,0,26,97,0,17107,841,6947,8973,346
"부산","2014.01","북구",42,1,2,39,0,8568,453,2788,5118,209
"부산","2014.01","사상구",104,19,14,71,0,10090,594,3361,5950,185
"부산","2014.01","사하구",64,1,3,59,1,10991,505,3416,6771,299
"부산","2014.01","서구",12,0,7,4,1,6235,245,2106,3756,128
"부산","2014.01","수영구",82,2,1,77,2,6147,435,2138,3402,172
"부산","2014.01","연제구",162,1,5,131,25,6512,418,1960,3965,169
"부산","2014.01","영도구",38,1,4,33,0,6234,285,1958,3858,133
"부산","2014.01","해운대구",116,27,1,87,1,11889,678,3716,7044,451
"부산","2014.01","부산기타",0,0,0,0,0,25,0,17,8,0
"부산","2014.02","금정구",107,23,10,74,0,8010,534,2655,4639,182
"부산","2014.02","기장군",50,7,7,36,0,4134,337,1453,2215,129
"부산","2014.02","남구",49,4,7,34,4,10845,736,3315,6491,303
"부산","2014.02","동구",25,2,1,22,0,4281,435,1150,2562,134
"부산","2014.02","동래구",62,3,1,58,0,8602,665,2964,4775,198
"부산","2014.02","부산진구",122,0,25,97,0,17079,828,6920,8980,351
"부산","2014.02","북구",42,1,2,39,0,8564,458,2771,5122,213
"부산","2014.02","사상구",106,21,14,71,0,10102,601,3361,5961,179
"부산","2014.02","사하구",64,1,3,59,1,10998,505,3411,6775,307
"부산","2014.02","서구",12,0,7,4,1,6237,246,2098,3768,125
"부산","2014.02","수영구",82,2,1,77,2,6144,431,2132,3403,178
"부산","2014.02","연제구",162,1,5,131,25,6514,409,1961,3970,174
"부산","2014.02","영도구",38,1,4,33,0,6230,286,1957,3855,132
"부산","2014.02","해운대구",116,27,1,87,1,11880,674,3714,7040,452
"부산","2014.02","부산기타",0,0,0,0,0,25,0,17,8,0
"부산","2014.03","금정구",106,23,10,73,0,8022,528,2653,4655,186
"부산","2014.03","기장군",48,7,7,34,0,4160,338,1454,2235,133
"부산","2014.03","남구",45,4,7,30,4,10858,729,3311,6509,309
"부산","2014.03","동구",25,2,1,22,0,4294,435,1142,2581,136
"부산","2014.03","동래구",62,3,1,58,0,8604,660,2963,4786,195
"부산","2014.03","부산진구",122,0,25,97,0,17107,820,6914,9025,348
"부산","2014.03","북구",42,1,2,39,0,8569,450,2763,5139,217
"부산","2014.03","사상구",106,21,14,71,0,10116,606,3352,5985,173
"부산","2014.03","사하구",64,1,3,59,1,11050,508,3390,6831,321
"부산","2014.03","서구",12,0,7,4,1,6240,246,2099,3768,127
"부산","2014.03","수영구",81,2,1,77,1,6150,436,2131,3411,172
"부산","2014.03","연제구",162,1,5,131,25,6547,411,1955,4003,178
"부산","2014.03","영도구",38,1,4,33,0,6225,284,1955,3844,142
"부산","2014.03","해운대구",116,27,1,87,1,11882,669,3703,7053,457
"부산","2014.03","부산기타",0,0,0,0,0,25,0,17,8,0
"부산","2014.04","금정구",110,23,10,77,0,8036,529,2650,4673,184
"부산","2014.04","기장군",51,7,7,37,0,4184,342,1453,2262,127
"부산","2014.04","남구",43,4,7,29,3,10857,732,3295,6535,295
"부산","2014.04","동구",26,2,1,23,0,4285,432,1136,2576,141
"부산","2014.04","동래구",71,5,3,63,0,8604,652,2947,4810,195
"부산","2014.04","부산진구",123,0,25,98,0,17122,821,6894,9054,353
"부산","2014.04","북구",46,1,2,43,0,8576,452,2749,5156,219
"부산","2014.04","사상구",107,21,15,71,0,10133,601,3343,6012,177
"부산","2014.04","사하구",62,1,3,57,1,11065,494,3383,6857,331
"부산","2014.04","서구",12,0,7,4,1,6265,253,2085,3794,133
"부산","2014.04","수영구",84,2,1,80,1,6228,442,2139,3480,167
"부산","2014.04","연제구",165,3,5,132,25,6567,401,1957,4031,178
"부산","2014.04","영도구",41,1,4,36,0,6232,281,1949,3852,150
"부산","2014.04","해운대구",116,27,1,87,1,11883,657,3684,7080,462
"부산","2014.04","부산기타",0,0,0,0,0,25,0,17,8,0
"부산","2014.05","금정구",109,22,10,77,0,8064,523,2646,4708,187
"부산","2014.05","기장군",51,7,7,37,0,4210,339,1452,2282,137
"부산","2014.05","남구",45,4,7,31,3,10862,729,3290,6541,302
"부산","2014.05","동구",26,2,1,23,0,4295,435,1128,2590,142
"부산","2014.05","동래구",71,5,3,63,0,8616,639,2940,4829,208
"부산","2014.05","부산진구",123,0,25,98,0,17175,806,6886,9112,371
"부산","2014.05","북구",46,1,2,43,0,8564,446,2746,5153,219
"부산","2014.05","사상구",107,21,15,71,0,10118,598,3335,6003,182
"부산","2014.05","사하구",62,1,3,57,1,11063,487,3376,6863,337
"부산","2014.05","서구",12,0,7,4,1,6263,249,2078,3803,133
"부산","2014.05","수영구",83,2,0,80,1,6257,441,2146,3509,161
"부산","2014.05","연제구",158,5,5,123,25,6581,401,1952,4050,178
"부산","2014.05","영도구",41,1,4,36,0,6231,278,1945,3858,150
"부산","2014.05","해운대구",115,27,1,87,0,11900,656,3679,7097,468
"부산","2014.05","부산기타",0,0,0,0,0,25,0,17,8,0
"부산","2014.06","금정구",111,22,10,79,0,8054,523,2634,4710,187
"부산","2014.06","기장군",50,7,6,37,0,4222,336,1454,2293,139
"부산","2014.06","남구",45,4,7,31,3,10875,725,3275,6565,310
"부산","2014.06","동구",26,2,1,23,0,4292,426,1124,2602,140
"부산","2014.06","동래구",71,5,3,63,0,8632,624,2942,4863,203
"부산","2014.06","부산진구",123,0,25,98,0,17212,796,6883,9160,373
"부산","2014.06","북구",46,1,2,43,0,8568,438,2740,5176,214
"부산","2014.06","사상구",107,21,15,71,0,10128,594,3330,6016,188
"부산","2014.06","사하구",60,1,2,57,0,11063,480,3373,6870,340
"부산","2014.06","서구",12,0,7,4,1,6253,245,2072,3803,133
"부산","2014.06","수영구",83,2,0,80,1,6280,440,2143,3531,166
"부산","2014.06","연제구",162,7,5,125,25,6601,403,1945,4076,177
"부산","2014.06","영도구",41,1,4,36,0,6237,275,1939,3874,149
"부산","2014.06","해운대구",114,21,1,92,0,11937,658,3673,7133,473
"부산","2014.06","부산기타",0,0,0,0,0,25,0,17,8,0
"부산","2014.07","금정구",112,21,10,81,0,8087,517,2630,4748,192
"부산","2014.07","기장군",50,7,6,37,0,4247,329,1462,2320,136
"부산","2014.07","남구",46,4,7,32,3,10913,720,3255,6624,314
"부산","2014.07","동구",26,2,1,23,0,4297,424,1120,2611,142
"부산","2014.07","동래구",78,5,3,70,0,8627,623,2933,4860,211
"부산","2014.07","부산진구",124,0,25,99,0,17248,787,6880,9210,371
"부산","2014.07","북구",51,1,2,48,0,8600,432,2740,5216,212
"부산","2014.07","사상구",107,21,15,71,0,10160,578,3321,6064,197
"부산","2014.07","사하구",62,1,2,59,0,11069,477,3357,6893,342
"부산","2014.07","서구",12,0,7,4,1,6251,241,2067,3801,142
"부산","2014.07","수영구",82,2,0,79,1,6285,429,2139,3543,174
"부산","2014.07","연제구",177,6,5,140,26,6592,399,1941,4075,177
"부산","2014.07","영도구",40,1,4,35,0,6244,270,1927,3893,154
"부산","2014.07","해운대구",119,23,1,95,0,11983,653,3660,7185,485
"부산","2014.07","부산기타",0,0,0,0,0,25,0,17,8,0
"부산","2014.08","금정구",114,21,10,83,0,8075,516,2623,4750,186
"부산","2014.08","기장군",51,8,6,37,0,4284,328,1461,2348,147
"부산","2014.08","남구",63,4,12,42,5,10921,722,3253,6623,323
"부산","2014.08","동구",26,2,1,23,0,4313,430,1115,2622,146
"부산","2014.08","동래구",77,5,3,69,0,8667,625,2933,4900,209
"부산","2014.08","부산진구",124,3,25,96,0,17317,792,6873,9276,376
"부산","2014.08","북구",51,1,2,48,0,8633,437,2740,5241,215
"부산","2014.08","사상구",107,21,15,71,0,10149,566,3322,6065,196
"부산","2014.08","사하구",62,1,2,59,0,11079,470,3351,6911,347
"부산","2014.08","서구",12,0,7,4,1,6254,241,2060,3812,141
"부산","2014.08","수영구",82,2,0,79,1,6310,432,2140,3563,175
"부산","2014.08","연제구",172,8,5,133,26,6589,395,1925,4096,173
"부산","2014.08","영도구",40,1,4,35,0,6284,272,1922,3934,156
"부산","2014.08","해운대구",119,23,1,95,0,12006,648,3659,7207,492
"부산","2014.08","부산기타",0,0,0,0,0,25,0,17,8,0
"부산","2014.09","금정구",121,21,10,90,0,8108,513,2619,4778,198
"부산","2014.09","기장군",52,8,7,37,0,4297,328,1464,2360,145
"부산","2014.09","남구",67,4,12,43,8,10941,721,3235,6662,323
"부산","2014.09","동구",28,4,1,23,0,4323,420,1113,2645,145
"부산","2014.09","동래구",79,7,3,69,0,8666,617,2928,4908,213
"부산","2014.09","부산진구",124,3,25,96,0,17360,776,6866,9322,396
"부산","2014.09","북구",51,1,2,48,0,8626,433,2731,5239,223
"부산","2014.09","사상구",107,21,15,71,0,10164,573,3316,6080,195
"부산","2014.09","사하구",68,1,2,65,0,11082,472,3336,6932,342
"부산","2014.09","서구",11,0,7,4,0,6278,238,2051,3846,143
"부산","2014.09","수영구",82,2,0,79,1,6315,425,2140,3578,172
"부산","2014.09","연제구",174,8,5,135,26,6589,397,1921,4103,168
"부산","2014.09","영도구",39,1,4,34,0,6307,273,1914,3959,161
"부산","2014.09","해운대구",121,23,1,97,0,12017,650,3648,7233,486
"부산","2014.09","부산기타",0,0,0,0,0,25,0,17,8,0
"부산","2014.10","금정구",125,21,10,93,1,8128,511,2617,4795,205
"부산","2014.10","기장군",52,8,7,37,0,4315,331,1462,2373,149
"부산","2014.10","남구",71,4,13,48,6,10935,703,3235,6679,318
"부산","2014.10","동구",28,4,1,23,0,4331,421,1105,2657,148
"부산","2014.10","동래구",79,7,3,69,0,8672,613,2924,4921,214
"부산","2014.10","부산진구",124,3,25,96,0,17350,763,6845,9336,406
"부산","2014.10","북구",54,1,2,51,0,8637,433,2726,5253,225
"부산","2014.10","사상구",106,21,15,70,0,10168,576,3313,6088,191
"부산","2014.10","사하구",68,1,2,65,0,11128,472,3325,6982,349
"부산","2014.10","서구",11,0,7,4,0,6293,229,2056,3863,145
"부산","2014.10","수영구",81,1,0,79,1,6336,421,2150,3588,177
"부산","2014.10","연제구",176,8,5,137,26,6582,393,1914,4101,174
"부산","2014.10","영도구",39,1,4,34,0,6292,277,1912,3943,160
"부산","2014.10","해운대구",120,22,1,97,0,12044,655,3637,7251,501
"부산","2014.10","부산기타",0,0,0,0,0,26,1,17,8,0
"부산","2014.11","금정구",124,21,10,92,1,8088,506,2598,4778,206
"부산","2014.11","기장군",52,8,7,37,0,4316,330,1458,2381,147
"부산","2014.11","남구",77,4,13,54,6,10885,695,3228,6642,320
"부산","2014.11","동구",28,4,1,23,0,4316,418,1101,2647,150
"부산","2014.11","동래구",79,7,3,69,0,8635,607,2898,4922,208
"부산","2014.11","부산진구",124,3,25,96,0,17334,759,6826,9335,414
"부산","2014.11","북구",54,1,2,51,0,8599,426,2701,5248,224
"부산","2014.11","사상구",108,21,14,73,0,10138,571,3299,6071,197
"부산","2014.11","사하구",68,1,2,65,0,11085,470,3307,6967,341
"부산","2014.11","서구",11,0,7,4,0,6277,231,2045,3860,141
"부산","2014.11","수영구",81,1,0,79,1,6303,412,2123,3595,173
"부산","2014.11","연제구",176,8,5,137,26,6561,392,1904,4091,174
"부산","2014.11","영도구",39,1,4,34,0,6291,273,1905,3947,166
"부산","2014.11","해운대구",120,22,1,97,0,12035,647,3639,7243,506
"부산","2014.11","부산기타",0,0,0,0,0,416,15,166,225,10
"부산","2014.12","금정구",124,21,10,92,1,8090,506,2605,4775,204
"부산","2014.12","기장군",56,8,7,41,0,4351,333,1467,2404,147
"부산","2014.12","남구",79,4,13,56,6,10819,680,3205,6614,320
"부산","2014.12","동구",29,4,1,24,0,4294,415,1095,2635,149
"부산","2014.12","동래구",79,7,3,69,0,8575,604,2891,4875,205
"부산","2014.12","부산진구",124,3,25,96,0,17299,755,6795,9336,413
"부산","2014.12","북구",55,1,2,52,0,8581,424,2698,5238,221
"부산","2014.12","사상구",110,22,14,74,0,10140,567,3287,6086,200
"부산","2014.12","사하구",71,1,2,68,0,11049,461,3282,6963,343
"부산","2014.12","서구",11,0,7,4,0,6285,231,2038,3874,142
"부산","2014.12","수영구",81,1,0,79,1,6305,412,2121,3596,176
"부산","2014.12","연제구",177,8,5,137,27,6569,388,1905,4109,167
"부산","2014.12","영도구",40,1,4,35,0,6282,274,1896,3946,166
"부산","2014.12","해운대구",117,19,1,97,0,12017,638,3623,7261,495
"부산","2014.12","부산기타",0,0,0,0,0,26,1,17,8,0
"부산","2015.01","금정구",122,21,10,90,1,8067,511,2592,4764,200
"부산","2015.01","기장군",56,8,7,41,0,4371,329,1471,2421,150
"부산","2015.01","남구",98,8,14,65,11,10790,672,3188,6611,319
"부산","2015.01","동구",29,4,1,24,0,4303,411,1095,2645,152
"부산","2015.01","동래구",78,7,3,68,0,8544,603,2880,4858,203
"부산","2015.01","부산진구",126,5,25,96,0,17278,752,6763,9337,426
"부산","2015.01","북구",55,1,2,52,0,8587,427,2703,5237,220
"부산","2015.01","사상구",111,23,14,74,0,10061,556,3275,6026,204
"부산","2015.01","사하구",71,1,2,68,0,11026,457,3275,6951,343
"부산","2015.01","서구",11,0,7,4,0,6262,226,2024,3870,142
"부산","2015.01","수영구",81,1,0,79,1,6299,406,2112,3606,175
"부산","2015.01","연제구",180,6,7,140,27,6563,386,1903,4100,174
"부산","2015.01","영도구",41,1,4,36,0,6264,271,1894,3937,162
"부산","2015.01","해운대구",116,19,1,96,0,12004,634,3609,7257,504
"부산","2015.01","부산기타",0,0,0,0,0,26,1,17,8,0
"부산","2015.02","금정구",115,16,10,88,1,8045,509,2589,4745,202
"부산","2015.02","기장군",55,8,7,40,0,4387,328,1473,2434,152
"부산","2015.02","남구",96,8,11,66,11,10781,665,3172,6617,327
"부산","2015.02","동구",29,4,1,24,0,4251,400,1086,2641,124
"부산","2015.02","동래구",77,7,3,67,0,8497,600,2865,4825,207
"부산","2015.02","부산진구",126,5,25,96,0,17276,756,6757,9325,438
"부산","2015.02","북구",55,1,2,52,0,8576,424,2697,5230,225
"부산","2015.02","사상구",113,23,15,75,0,10051,550,3266,6022,213
"부산","2015.02","사하구",71,1,2,68,0,11020,456,3260,6956,348
"부산","2015.02","서구",11,0,7,4,0,6257,219,2022,3868,148
"부산","2015.02","수영구",81,1,0,79,1,6279,407,2110,3581,181
"부산","2015.02","연제구",194,6,7,144,37,6581,388,1895,4131,167
"부산","2015.02","영도구",41,1,4,36,0,6277,273,1888,3960,156
"부산","2015.02","해운대구",115,18,1,96,0,12027,634,3610,7278,505
"부산","2015.02","부산기타",0,0,0,0,0,26,1,17,8,0
"부산","2015.03","금정구",114,16,10,87,1,8039,511,2580,4738,210
"부산","2015.03","기장군",55,8,7,40,0,4381,325,1483,2422,151
"부산","2015.03","남구",102,8,11,73,10,10793,660,3173,6627,333
"부산","2015.03","동구",29,4,1,24,0,4248,400,1079,2646,123
"부산","2015.03","동래구",77,7,3,67,0,8500,593,2853,4838,216
"부산","2015.03","부산진구",126,5,25,96,0,17298,750,6748,9350,450
"부산","2015.03","북구",54,1,2,51,0,8552,424,2682,5224,222
"부산","2015.03","사상구",113,23,15,75,0,10054,547,3248,6044,215
"부산","2015.03","사하구",71,1,2,68,0,11034,459,3249,6972,354
"부산","2015.03","서구",11,0,7,4,0,6239,220,2006,3864,149
"부산","2015.03","수영구",81,1,0,79,1,6288,407,2096,3595,190
"부산","2015.03","연제구",194,6,7,144,37,6565,388,1890,4118,169
"부산","2015.03","영도구",39,1,4,34,0,6284,274,1873,3979,158
"부산","2015.03","해운대구",110,18,1,91,0,12021,631,3602,7291,497
"부산","2015.03","부산기타",0,0,0,0,0,26,1,17,8,0
"부산","2015.04","금정구",116,14,10,91,1,8042,512,2568,4749,213
"부산","2015.04","기장군",55,8,7,40,0,4388,321,1489,2426,152
"부산","2015.04","남구",122,8,11,93,10,10770,642,3153,6645,330
"부산","2015.04","동구",31,4,1,25,1,4240,393,1079,2641,127
"부산","2015.04","동래구",77,7,3,67,0,8515,593,2848,4853,221
"부산","2015.04","부산진구",119,5,25,89,0,17302,752,6711,9362,477
"부산","2015.04","북구",55,1,2,52,0,8557,420,2685,5224,228
"부산","2015.04","사상구",119,25,16,78,0,10070,540,3239,6066,225
"부산","2015.04","사하구",72,1,2,69,0,11019,450,3239,6978,352
"부산","2015.04","서구",11,0,7,4,0,6225,224,2008,3840,153
"부산","2015.04","수영구",84,2,0,81,1,6288,396,2083,3616,193
"부산","2015.04","연제구",196,6,7,146,37,6533,380,1887,4096,170
"부산","2015.04","영도구",40,1,4,35,0,6296,272,1861,3993,170
"부산","2015.04","해운대구",86,1,0,85,0,12035,648,3580,7294,513
"부산","2015.04","부산기타",0,0,0,0,0,26,1,17,8,0
"부산","2015.05","금정구",117,13,10,93,1,8028,513,2554,4743,218
"부산","2015.05","기장군",54,8,7,39,0,4405,320,1489,2442,154
"부산","2015.05","남구",137,8,11,108,10,10709,621,3134,6621,333
"부산","2015.05","동구",31,4,1,25,1,4242,391,1074,2650,127
"부산","2015.05","동래구",78,7,3,68,0,8507,591,2831,4866,219
"부산","2015.05","부산진구",119,5,25,89,0,17337,742,6693,9408,494
"부산","2015.05","북구",55,1,2,52,0,8542,414,2671,5220,237
"부산","2015.05","사상구",121,25,16,80,0,10065,532,3242,6066,225
"부산","2015.05","사하구",73,1,2,70,0,11024,447,3216,7007,354
"부산","2015.05","서구",11,0,7,4,0,6235,224,2014,3843,154
"부산","2015.05","수영구",85,2,0,82,1,6334,402,2077,3663,192
"부산","2015.05","연제구",196,6,7,146,37,6506,371,1874,4087,174
"부산","2015.05","영도구",42,1,4,37,0,6280,275,1856,3981,168
"부산","2015.05","해운대구",83,1,0,82,0,12091,650,3580,7341,520
"부산","2015.05","부산기타",0,0,0,0,0,26,1,17,8,0
"부산","2015.06","금정구",107,13,9,84,1,8015,499,2535,4765,216
"부산","2015.06","기장군",54,8,7,39,0,4429,319,1489,2466,155
"부산","2015.06","남구",155,8,10,126,11,10743,602,3126,6675,340
"부산","2015.06","동구",31,4,1,25,1,4279,392,1067,2690,130
"부산","2015.06","동래구",78,7,3,68,0,8519,590,2813,4887,229
"부산","2015.06","부산진구",119,5,25,89,0,17352,740,6676,9414,522
"부산","2015.06","북구",57,1,2,54,0,8549,414,2651,5247,237
"부산","2015.06","사상구",123,25,16,82,0,10030,530,3226,6044,230
"부산","2015.06","사하구",73,1,2,70,0,11052,448,3208,7038,358
"부산","2015.06","서구",11,0,7,4,0,6218,215,1996,3854,153
"부산","2015.06","수영구",85,2,0,82,1,6350,395,2064,3689,202
"부산","2015.06","연제구",196,6,7,146,37,6527,364,1868,4116,179
"부산","2015.06","영도구",43,2,4,37,0,6284,270,1849,3990,175
"부산","2015.06","해운대구",91,1,0,90,0,12081,641,3561,7354,525
"부산","2015.06","부산기타",0,0,0,0,0,26,1,17,8,0
"부산","2015.07","금정구",103,12,9,82,0,8008,495,2532,4760,221
"부산","2015.07","기장군",54,8,7,39,0,4438,312,1494,2483,149
"부산","2015.07","남구",162,8,10,132,12,10773,592,3131,6696,354
"부산","2015.07","동구",33,5,1,26,1,4289,385,1065,2704,135
"부산","2015.07","동래구",78,7,3,68,0,8507,579,2809,4886,233
"부산","2015.07","부산진구",119,5,25,89,0,17382,735,6663,9441,543
"부산","2015.07","북구",59,1,3,55,0,8555,411,2655,5249,240
"부산","2015.07","사상구",132,28,18,86,0,10043,527,3219,6066,231
"부산","2015.07","사하구",73,1,2,70,0,11051,450,3193,7044,364
"부산","2015.07","서구",11,0,7,4,0,6236,227,1985,3869,155
"부산","2015.07","수영구",85,1,0,83,1,6352,387,2059,3693,213
"부산","2015.07","연제구",196,6,7,146,37,6541,361,1864,4136,180
"부산","2015.07","영도구",44,2,4,38,0,6281,272,1842,3992,175
"부산","2015.07","해운대구",92,3,0,89,0,12054,634,3543,7341,536
"부산","2015.07","부산기타",0,0,0,0,0,26,1,17,8,0
"부산","2015.08","금정구",101,11,9,81,0,8012,491,2522,4778,221
"부산","2015.08","기장군",56,8,7,41,0,4469,304,1496,2521,148
"부산","2015.08","남구",161,8,10,132,11,10777,592,3123,6704,358
"부산","2015.08","동구",33,5,1,26,1,4279,376,1064,2708,131
"부산","2015.08","동래구",81,7,3,71,0,8513,596,2791,4892,234
"부산","2015.08","부산진구",119,5,25,89,0,17400,740,6637,9478,545
"부산","2015.08","북구",60,1,3,56,0,8583,421,2654,5262,246
"부산","2015.08","사상구",136,30,18,88,0,10052,533,3211,6077,231
"부산","2015.08","사하구",73,1,2,70,0,11043,448,3184,7047,364
"부산","2015.08","서구",11,0,7,4,0,6253,227,1983,3884,159
"부산","2015.08","수영구",84,1,0,83,0,6368,389,2052,3706,221
"부산","2015.08","연제구",196,6,7,146,37,6582,364,1870,4160,188
"부산","2015.08","영도구",44,2,4,38,0,6306,277,1835,4014,180
"부산","2015.08","해운대구",92,3,0,89,0,12039,628,3530,7343,538
"부산","2015.08","부산기타",0,0,0,0,0,26,1,17,8,0
"부산","2015.09","금정구",98,11,9,78,0,8036,493,2517,4799,227
"부산","2015.09","기장군",62,13,7,42,0,4493,307,1493,2535,158
"부산","2015.09","남구",159,8,10,131,10,10792,590,3126,6714,362
"부산","2015.09","동구",35,5,1,27,2,4301,376,1067,2725,133
"부산","2015.09","동래구",78,4,3,71,0,8506,584,2782,4908,232
"부산","2015.09","부산진구",119,5,25,89,0,17430,730,6629,9500,571
"부산","2015.09","북구",60,1,3,56,0,8596,423,2659,5269,245
"부산","2015.09","사상구",142,31,18,93,0,10035,525,3202,6075,233
"부산","2015.09","사하구",74,1,3,70,0,11058,452,3187,7046,373
"부산","2015.09","서구",11,0,7,4,0,6253,220,1986,3888,159
"부산","2015.09","수영구",84,1,0,83,0,6389,391,2045,3722,231
"부산","2015.09","연제구",194,6,7,144,37,6577,365,1859,4164,189
"부산","2015.09","영도구",45,2,4,39,0,6325,280,1815,4044,186
"부산","2015.09","해운대구",92,3,0,89,0,12067,644,3518,7364,541
"부산","2015.09","부산기타",0,0,0,0,0,26,1,17,8,0
"부산","2015.10","금정구",97,11,9,77,0,8055,484,2522,4819,230
"부산","2015.10","기장군",62,13,7,42,0,4502,312,1495,2531,164
"부산","2015.10","남구",158,8,10,130,10,10751,584,3115,6691,361
"부산","2015.10","동구",34,5,1,26,2,4265,337,1061,2728,139
"부산","2015.10","동래구",81,4,6,71,0,8487,577,2782,4878,250
"부산","2015.10","부산진구",118,5,24,89,0,17477,728,6623,9557,569
"부산","2015.10","북구",61,1,3,57,0,8625,415,2667,5292,251
"부산","2015.10","사상구",145,31,19,95,0,10023,518,3189,6087,229
"부산","2015.10","사하구",74,1,3,70,0,11080,444,3180,7078,378
"부산","2015.10","서구",11,0,7,4,0,6217,219,1976,3869,153
"부산","2015.10","수영구",84,1,0,83,0,6415,389,2052,3729,245
"부산","2015.10","연제구",194,6,7,144,37,6561,364,1846,4165,186
"부산","2015.10","영도구",46,2,4,40,0,6320,281,1812,4032,195
"부산","2015.10","해운대구",92,3,0,89,0,12100,643,3515,7392,550
"부산","2015.10","부산기타",0,0,0,0,0,26,1,17,8,0
"부산","2015.11","금정구",98,11,10,77,0,8037,484,2503,4821,229
"부산","2015.11","기장군",64,13,7,44,0,4527,312,1510,2537,168
"부산","2015.11","남구",147,7,10,122,8,10771,603,3108,6692,368
"부산","2015.11","동구",34,5,1,26,2,4258,334,1058,2728,138
"부산","2015.11","동래구",87,8,6,73,0,8483,568,2767,4892,256
"부산","2015.11","부산진구",118,5,24,89,0,17430,717,6614,9517,582
"부산","2015.11","북구",61,1,3,57,0,8651,411,2668,5311,261
"부산","2015.11","사상구",147,31,19,97,0,9999,512,3182,6076,229
"부산","2015.11","사하구",74,1,3,70,0,11061,442,3166,7073,380
"부산","2015.11","서구",11,0,7,4,0,6219,216,1972,3873,158
"부산","2015.11","수영구",84,1,0,83,0,6396,389,2041,3723,243
"부산","2015.11","연제구",194,6,7,144,37,6570,354,1852,4164,200
"부산","2015.11","영도구",47,2,4,41,0,6336,277,1810,4056,193
"부산","2015.11","해운대구",92,3,0,89,0,12108,647,3516,7398,547
"부산","2015.11","부산기타",0,0,0,0,0,26,1,17,8,0
"부산","2015.12","금정구",97,11,10,76,0,8021,475,2512,4804,230
"부산","2015.12","기장군",64,13,7,44,0,4508,308,1511,2522,167
"부산","2015.12","남구",139,7,10,115,7,10744,597,3096,6687,364
"부산","2015.12","동구",36,5,1,28,2,4256,331,1069,2719,137
"부산","2015.12","동래구",87,8,6,73,0,8437,561,2721,4895,260
"부산","2015.12","부산진구",118,5,24,89,0,17433,710,6599,9530,594
"부산","2015.12","북구",60,1,3,56,0,8659,411,2670,5317,261
"부산","2015.12","사상구",151,33,19,99,0,9967,507,3180,6054,226
"부산","2015.12","사하구",86,1,3,82,0,11026,438,3143,7061,384
"부산","2015.12","서구",11,0,7,4,0,6202,214,1960,3872,156
"부산","2015.12","수영구",86,1,0,85,0,6388,392,2039,3711,246
"부산","2015.12","연제구",194,6,7,144,37,6528,352,1850,4128,198
"부산","2015.12","영도구",47,2,4,41,0,6327,276,1796,4058,197
"부산","2015.12","해운대구",92,3,0,89,0,12110,637,3528,7398,547
"부산","2015.12","부산기타",0,0,0,0,0,26,1,17,8,0
"부산","2016.01","금정구",96,11,11,74,0,7990,469,2496,4788,237
"부산","2016.01","기장군",63,13,7,43,0,4523,307,1512,2532,172
"부산","2016.01","남구",129,7,10,107,5,10705,597,3083,6664,361
"부산","2016.01","동구",36,5,1,28,2,4266,329,1081,2716,140
"부산","2016.01","동래구",87,8,6,73,0,8407,548,2724,4880,255
"부산","2016.01","부산진구",118,5,24,89,0,17377,702,6590,9488,597
"부산","2016.01","북구",60,1,3,56,0,8665,412,2666,5324,263
"부산","2016.01","사상구",148,32,19,97,0,9992,505,3188,6065,234
"부산","2016.01","사하구",115,1,13,100,1,10968,431,3131,7030,376
"부산","2016.01","서구",11,0,7,4,0,6194,207,1954,3878,155
"부산","2016.01","수영구",86,1,0,85,0,6395,385,2036,3733,241
"부산","2016.01","연제구",192,6,7,142,37,6524,347,1842,4139,196
"부산","2016.01","영도구",47,2,4,41,0,6331,273,1793,4069,196
"부산","2016.01","해운대구",92,3,0,89,0,12113,637,3523,7404,549
"부산","2016.01","부산기타",0,0,0,0,0,16,0,12,4,0
"부산","2016.02","금정구",98,11,11,76,0,7991,467,2491,4791,242
"부산","2016.02","기장군",63,13,7,43,0,4547,308,1512,2551,176
"부산","2016.02","남구",126,6,10,105,5,10729,591,3082,6690,366
"부산","2016.02","동구",36,5,1,28,2,4251,319,1079,2713,140
"부산","2016.02","동래구",90,11,6,73,0,8366,541,2719,4845,261
"부산","2016.02","부산진구",119,6,24,89,0,17347,687,6586,9466,608
"부산","2016.02","북구",60,1,3,56,0,8657,401,2670,5320,266
"부산","2016.02","사상구",148,32,19,97,0,9977,503,3180,6058,236
"부산","2016.02","사하구",118,1,13,102,2,10902,428,3115,6988,371
"부산","2016.02","서구",11,0,7,4,0,6178,202,1942,3875,159
"부산","2016.02","수영구",88,1,0,87,0,6390,376,2035,3736,243
"부산","2016.02","연제구",192,6,7,142,37,6546,344,1838,4161,203
"부산","2016.02","영도구",47,2,4,41,0,6331,274,1798,4063,196
"부산","2016.02","해운대구",92,3,0,89,0,12098,644,3516,7385,553
"부산","2016.02","부산기타",0,0,0,0,0,16,0,12,4,0
"부산","2016.03","금정구",99,10,12,77,0,8007,466,2496,4794,251
"부산","2016.03","기장군",60,10,7,43,0,4557,303,1515,2568,171
"부산","2016.03","남구",117,6,10,96,5,10742,579,3067,6712,384
"부산","2016.03","동구",38,5,1,30,2,4278,316,1077,2740,145
"부산","2016.03","동래구",93,11,9,73,0,8353,531,2713,4836,273
"부산","2016.03","부산진구",119,6,24,89,0,17343,683,6574,9471,615
"부산","2016.03","북구",60,1,3,56,0,8665,397,2659,5333,276
"부산","2016.03","사상구",150,32,19,99,0,9999,503,3182,6078,236
"부산","2016.03","사하구",124,1,13,107,3,10885,433,3117,6955,380
"부산","2016.03","서구",11,0,7,4,0,6172,205,1930,3880,157
"부산","2016.03","수영구",88,1,0,87,0,6381,380,2023,3742,236
"부산","2016.03","연제구",194,7,8,142,37,6525,340,1835,4148,202
"부산","2016.03","영도구",48,2,4,42,0,6338,271,1781,4088,198
"부산","2016.03","해운대구",92,3,0,89,0,12089,644,3498,7373,574
"부산","2016.03","부산기타",1,0,1,0,0,16,0,12,4,0
"부산","2016.04","금정구",102,9,16,77,0,8039,461,2488,4843,247
"부산","2016.04","기장군",59,9,7,43,0,4623,303,1525,2612,183
"부산","2016.04","남구",98,6,9,80,3,10734,577,3048,6722,387
"부산","2016.04","동구",38,5,1,30,2,4285,310,1073,2753,149
"부산","2016.04","동래구",96,11,9,76,0,8261,505,2688,4788,280
"부산","2016.04","부산진구",119,6,24,89,0,17365,672,6544,9494,655
"부산","2016.04","북구",61,1,3,57,0,8681,388,2648,5372,273
"부산","2016.04","사상구",158,32,21,104,1,9989,501,3172,6071,245
"부산","2016.04","사하구",131,1,15,112,3,10950,425,3136,6996,393
"부산","2016.04","서구",11,0,7,4,0,6167,207,1913,3885,162
"부산","2016.04","수영구",88,1,0,87,0,6402,363,2008,3781,250
"부산","2016.04","연제구",192,7,9,139,37,6523,340,1818,4151,214
"부산","2016.04","영도구",48,2,4,42,0,6331,273,1759,4095,204
"부산","2016.04","해운대구",92,3,0,89,0,12152,645,3509,7410,588
"부산","2016.04","부산기타",1,0,1,0,0,15,0,11,4,0
"부산","2016.05","금정구",102,9,16,77,0,8039,461,2488,4843,247
"부산","2016.05","기장군",59,9,7,43,0,4623,303,1525,2612,183
"부산","2016.05","남구",98,6,9,80,3,10734,577,3048,6722,387
"부산","2016.05","동구",38,5,1,30,2,4285,310,1073,2753,149
"부산","2016.05","동래구",96,11,9,76,0,8261,505,2688,4788,280
"부산","2016.05","부산진구",119,6,24,89,0,17365,672,6544,9494,655
"부산","2016.05","북구",61,1,3,57,0,8681,388,2648,5372,273
"부산","2016.05","사상구",158,32,21,104,1,9989,501,3172,6071,245
"부산","2016.05","사하구",131,1,15,112,3,10950,425,3136,6996,393
"부산","2016.05","서구",11,0,7,4,0,6167,207,1913,3885,162
"부산","2016.05","수영구",88,1,0,87,0,6402,363,2008,3781,250
"부산","2016.05","연제구",192,7,9,139,37,6523,340,1818,4151,214
"부산","2016.05","영도구",48,2,4,42,0,6331,273,1759,4095,204
"부산","2016.05","해운대구",92,3,0,89,0,12152,645,3509,7410,588
"부산","2016.05","부산기타",1,0,1,0,0,15,0,11,4,0
"부산","2016.06","금정구",102,9,16,77,0,8043,448,2487,4861,247
"부산","2016.06","기장군",59,9,7,43,0,4644,305,1525,2630,184
"부산","2016.06","남구",82,6,9,65,2,10730,567,3038,6739,386
"부산","2016.06","동구",38,5,1,30,2,4253,297,1071,2739,146
"부산","2016.06","동래구",95,11,8,76,0,8215,494,2673,4770,278
"부산","2016.06","부산진구",119,6,24,89,0,17346,657,6512,9507,670
"부산","2016.06","북구",61,1,3,57,0,8707,375,2647,5407,278
"부산","2016.06","사상구",166,32,30,103,1,9985,493,3167,6079,246
"부산","2016.06","사하구",138,2,15,115,6,10931,424,3119,6998,390
"부산","2016.06","서구",11,0,7,4,0,6173,209,1907,3895,162
"부산","2016.06","수영구",88,1,0,87,0,6420,360,2007,3797,256
"부산","2016.06","연제구",192,7,9,139,37,6531,329,1811,4176,215
"부산","2016.06","영도구",48,2,4,42,0,6350,274,1756,4113,207
"부산","2016.06","해운대구",92,3,0,89,0,12167,641,3499,7442,585
"부산","2016.06","부산기타",1,0,1,0,0,15,0,11,4,0
"부산","2016.07","금정구",99,9,16,74,0,8072,451,2483,4886,252
"부산","2016.07","기장군",59,9,7,43,0,4672,302,1536,2649,185
"부산","2016.07","남구",85,6,14,63,2,10740,561,3025,6768,386
"부산","2016.07","동구",38,5,1,30,2,4264,292,1065,2757,150
"부산","2016.07","동래구",95,11,8,76,0,8196,485,2644,4789,278
"부산","2016.07","부산진구",119,6,24,89,0,17385,647,6496,9551,691
"부산","2016.07","북구",61,1,3,57,0,8723,373,2657,5409,284
"부산","2016.07","사상구",166,31,31,103,1,9965,475,3149,6096,245
"부산","2016.07","사하구",138,2,15,115,6,10915,412,3093,7017,393
"부산","2016.07","서구",11,0,7,4,0,6170,212,1903,3897,158
"부산","2016.07","수영구",88,1,0,87,0,6429,351,2002,3814,262
"부산","2016.07","연제구",191,7,9,138,37,6496,322,1799,4164,211
"부산","2016.07","영도구",49,2,4,43,0,6324,265,1750,4102,207
"부산","2016.07","해운대구",93,3,0,90,0,12158,640,3487,7442,589
"부산","2016.07","부산기타",1,0,1,0,0,15,0,11,4,0
"부산","2016.08","금정구",99,9,16,74,0,8084,452,2478,4909,245
"부산","2016.08","기장군",58,9,7,42,0,4712,301,1553,2664,194
"부산","2016.08","남구",78,6,14,56,2,10735,553,3016,6775,391
"부산","2016.08","동구",45,5,1,36,3,4261,293,1067,2758,143
"부산","2016.08","동래구",93,9,8,76,0,8229,478,2645,4825,281
"부산","2016.08","부산진구",119,6,24,89,0,17403,640,6479,9596,688
"부산","2016.08","북구",61,1,3,57,0,8737,372,2652,5416,297
"부산","2016.08","사상구",169,31,33,104,1,9971,470,3145,6104,252
"부산","2016.08","사하구",122,2,15,101,4,10950,406,3076,7082,386
"부산","2016.08","서구",11,0,7,4,0,6161,209,1894,3898,160
"부산","2016.08","수영구",88,1,0,87,0,6428,345,1988,3841,254
"부산","2016.08","연제구",191,7,9,138,37,6468,317,1795,4144,212
"부산","2016.08","영도구",49,2,4,43,0,6325,263,1746,4117,199
"부산","2016.08","해운대구",93,3,0,90,0,12191,636,3473,7485,597
"부산","2016.08","부산기타",1,0,1,0,0,15,0,11,4,0
"부산","2016.09","금정구",101,9,17,75,0,8097,451,2478,4927,241
"부산","2016.09","기장군",57,7,8,42,0,4719,304,1547,2671,197
"부산","2016.09","남구",73,6,12,53,2,10721,555,3008,6764,394
"부산","2016.09","동구",45,5,1,36,3,4239,285,1064,2749,141
"부산","2016.09","동래구",93,9,8,76,0,8247,478,2634,4854,281
"부산","2016.09","부산진구",119,6,24,89,0,17475,637,6471,9645,722
"부산","2016.09","북구",61,1,3,57,0,8730,367,2652,5414,297
"부산","2016.09","사상구",173,31,35,106,1,9987,473,3131,6124,259
"부산","2016.09","사하구",126,2,15,104,5,10978,408,3081,7098,391
"부산","2016.09","서구",11,0,7,4,0,6152,206,1892,3897,157
"부산","2016.09","수영구",88,1,0,87,0,6428,335,1984,3835,274
"부산","2016.09","연제구",191,7,9,138,37,6439,322,1783,4120,214
"부산","2016.09","영도구",48,2,4,42,0,6358,259,1745,4153,201
"부산","2016.09","해운대구",88,3,0,85,0,12215,626,3473,7510,606
"부산","2016.09","부산기타",1,0,1,0,0,15,0,11,4,0
"부산","2016.10","금정구",95,8,16,71,0,8106,444,2492,4926,244
"부산","2016.10","기장군",57,7,8,42,0,4729,295,1549,2685,200
"부산","2016.10","남구",72,6,12,52,2,10704,545,3004,6752,403
"부산","2016.10","동구",45,5,1,36,3,4223,282,1051,2753,137
"부산","2016.10","동래구",94,9,8,77,0,8247,473,2634,4864,276
"부산","2016.10","부산진구",119,6,24,89,0,17485,635,6440,9672,738
"부산","2016.10","북구",61,1,3,57,0,8686,360,2638,5399,289
"부산","2016.10","사상구",174,31,35,107,1,9970,469,3121,6119,261
"부산","2016.10","사하구",128,2,16,105,5,10965,406,3075,7095,389
"부산","2016.10","서구",11,0,7,4,0,6138,200,1886,3894,158
"부산","2016.10","수영구",91,1,0,90,0,6417,328,1982,3827,280
"부산","2016.10","연제구",188,6,9,136,37,6384,319,1776,4083,206
"부산","2016.10","영도구",46,2,4,40,0,6338,250,1741,4150,197
"부산","2016.10","해운대구",85,3,0,82,0,12219,628,3466,7501,624
"부산","2016.10","부산기타",0,0,0,0,0,15,0,11,4,0
"부산","2016.11","금정구",94,8,15,71,0,8088,444,2487,4905,252
"부산","2016.11","기장군",57,7,8,42,0,4754,297,1560,2693,204
"부산","2016.11","남구",73,5,16,50,2,10701,541,2991,6767,402
"부산","2016.11","동구",45,5,1,36,3,4244,280,1056,2767,141
"부산","2016.11","동래구",94,9,8,77,0,8254,468,2634,4878,274
"부산","2016.11","부산진구",118,6,24,88,0,17436,625,6416,9659,736
"부산","2016.11","북구",61,1,3,57,0,8664,358,2630,5391,285
"부산","2016.11","사상구",178,31,38,108,1,9960,463,3112,6121,264
"부산","2016.11","사하구",134,5,16,107,6,10945,401,3074,7085,385
"부산","2016.11","서구",11,0,7,4,0,6111,199,1880,3871,161
"부산","2016.11","수영구",91,1,0,90,0,6420,322,1989,3827,282
"부산","2016.11","연제구",188,6,9,136,37,6342,310,1760,4064,208
"부산","2016.11","영도구",46,2,4,40,0,6322,251,1732,4146,193
"부산","2016.11","해운대구",85,3,0,82,0,12215,621,3462,7502,630
"부산","2016.11","부산기타",0,0,0,0,0,15,0,11,4,0
"부산","2016.12","금정구",90,8,15,67,0,8071,438,2475,4903,255
"부산","2016.12","기장군",57,7,8,42,0,4751,297,1559,2692,203
"부산","2016.12","남구",71,5,16,48,2,10680,539,2988,6745,408
"부산","2016.12","동구",46,5,1,37,3,4231,284,1051,2754,142
"부산","2016.12","동래구",94,8,8,78,0,8233,472,2617,4866,278
"부산","2016.12","부산진구",117,6,24,87,0,17382,611,6398,9647,726
"부산","2016.12","북구",60,1,3,56,0,8652,353,2623,5392,284
"부산","2016.12","사상구",182,32,38,110,2,9919,462,3095,6107,255
"부산","2016.12","사하구",134,4,16,109,5,10949,393,3069,7101,386
"부산","2016.12","서구",11,0,7,4,0,6095,195,1876,3864,160
"부산","2016.12","수영구",94,1,0,93,0,6422,318,1989,3827,288
"부산","2016.12","연제구",192,6,9,140,37,6358,302,1766,4072,218
"부산","2016.12","영도구",46,2,4,40,0,6314,248,1728,4147,191
"부산","2016.12","해운대구",86,3,0,83,0,12175,600,3455,7500,620
"부산","2016.12","부산기타",0,0,0,0,0,15,0,11,4,0
"부산","2017.01","금정구",91,8,16,67,0,8032,433,2467,4875,257
"부산","2017.01","기장군",58,7,8,43,0,4751,300,1554,2694,203
"부산","2017.01","남구",65,5,15,43,2,10669,531,2984,6744,410
"부산","2017.01","동구",44,4,1,36,3,4217,277,1059,2741,140
"부산","2017.01","동래구",90,8,8,74,0,8230,466,2606,4886,272
"부산","2017.01","부산진구",117,6,24,87,0,17386,603,6406,9640,737
"부산","2017.01","북구",60,1,3,56,0,8645,353,2619,5388,285
"부산","2017.01","사상구",183,32,38,111,2,9906,458,3084,6103,261
"부산","2017.01","사하구",133,4,18,108,3,10960,392,3068,7102,398
"부산","2017.01","서구",11,0,7,4,0,6064,197,1866,3846,155
"부산","2017.01","수영구",94,1,0,93,0,6391,315,1991,3804,281
"부산","2017.01","연제구",191,6,9,139,37,6340,296,1758,4067,219
"부산","2017.01","영도구",46,2,4,40,0,6319,246,1723,4159,191
"부산","2017.01","해운대구",86,3,0,83,0,12194,602,3465,7486,641
"부산","2017.01","부산기타",0,0,0,0,0,15,0,11,4,0
"부산","2017.02","금정구",92,8,17,67,0,8006,424,2453,4871,258
"부산","2017.02","기장군",56,7,8,41,0,4773,302,1561,2712,198
"부산","2017.02","남구",65,5,14,44,2,10631,530,2984,6703,414
"부산","2017.02","동구",44,4,1,36,3,4214,270,1055,2751,138
"부산","2017.02","동래구",90,8,8,74,0,8227,458,2602,4895,272
"부산","2017.02","부산진구",117,6,24,87,0,17367,603,6386,9636,742
"부산","2017.02","북구",60,1,3,56,0,8652,348,2613,5406,285
"부산","2017.02","사상구",184,31,38,113,2,9900,456,3074,6107,263
"부산","2017.02","사하구",134,4,18,109,3,10948,387,3062,7105,394
"부산","2017.02","서구",11,0,7,4,0,6051,197,1855,3843,156
"부산","2017.02","수영구",94,1,0,93,0,6379,311,1995,3788,285
"부산","2017.02","연제구",191,5,9,140,37,6361,300,1763,4077,221
"부산","2017.02","영도구",46,2,4,40,0,6300,243,1713,4156,188
"부산","2017.02","해운대구",85,3,0,82,0,12211,597,3467,7498,649
"부산","2017.02","부산기타",0,0,0,0,0,15,0,11,4,0
"부산","2017.03","금정구",94,8,19,67,0,7986,422,2450,4847,267
"부산","2017.03","기장군",56,7,8,41,0,4751,295,1555,2704,197
"부산","2017.03","남구",62,5,14,41,2,10592,526,2966,6677,423
"부산","2017.03","동구",46,4,3,36,3,4190,265,1048,2737,140
"부산","2017.03","동래구",94,8,11,75,0,8259,450,2596,4925,288
"부산","2017.03","부산진구",119,6,24,89,0,17436,607,6383,9686,760
"부산","2017.03","북구",60,1,3,56,0,8655,348,2599,5424,284
"부산","2017.03","사상구",183,31,38,113,1,9914,448,3082,6120,264
"부산","2017.03","사하구",134,4,18,109,3,11033,383,3084,7153,413
"부산","2017.03","서구",11,0,7,4,0,6052,196,1849,3852,155
"부산","2017.03","수영구",94,1,0,93,0,6385,298,1989,3813,285
"부산","2017.03","연제구",190,5,9,139,37,6333,298,1754,4051,230
"부산","2017.03","영도구",46,2,4,40,0,6300,245,1706,4161,188
"부산","2017.03","해운대구",85,3,0,82,0,12195,592,3449,7504,650
"부산","2017.03","부산기타",0,0,0,0,0,15,0,11,4,0
"부산","2017.04","금정구",95,8,19,68,0,8004,418,2457,4857,272
"부산","2017.04","기장군",56,7,8,41,0,4772,294,1550,2727,201
"부산","2017.04","남구",61,5,14,40,2,10605,516,2965,6694,430
"부산","2017.04","동구",46,4,3,36,3,4173,260,1046,2726,141
"부산","2017.04","동래구",93,8,11,74,0,8252,455,2586,4929,282
"부산","2017.04","부산진구",118,6,24,88,0,17454,597,6367,9720,770
"부산","2017.04","북구",60,1,3,56,0,8652,346,2595,5423,288
"부산","2017.04","사상구",186,33,38,114,1,9939,451,3082,6136,270
"부산","2017.04","사하구",132,4,18,107,3,11029,382,3080,7159,408
"부산","2017.04","서구",11,0,7,4,0,6053,191,1843,3864,155
"부산","2017.04","수영구",94,1,0,93,0,6385,293,1979,3821,292
"부산","2017.04","연제구",190,5,9,139,37,6321,294,1745,4044,238
"부산","2017.04","영도구",46,2,4,40,0,6281,242,1701,4145,193
"부산","2017.04","해운대구",85,3,0,82,0,12225,591,3451,7535,648
"부산","2017.04","부산기타",0,0,0,0,0,15,0,11,4,0
"부산","2017.05","금정구",99,8,21,70,0,8016,418,2442,4876,280
"부산","2017.05","기장군",56,7,8,41,0,4776,285,1554,2733,204
"부산","2017.05","남구",58,4,14,38,2,10643,508,2969,6729,437
"부산","2017.05","동구",43,4,3,33,3,4167,258,1046,2722,141
"부산","2017.05","동래구",93,8,11,74,0,8258,449,2589,4938,282
"부산","2017.05","부산진구",117,6,24,87,0,17468,587,6343,9738,800
"부산","2017.05","북구",62,1,3,58,0,8651,346,2587,5416,302
"부산","2017.05","사상구",190,33,39,117,1,9962,457,3085,6144,276
"부산","2017.05","사하구",132,4,18,107,3,11050,386,3073,7167,424
"부산","2017.05","서구",12,0,7,5,0,6041,185,1829,3863,164
"부산","2017.05","수영구",97,1,0,96,0,6391,281,1975,3833,302
"부산","2017.05","연제구",188,5,7,139,37,6321,292,1741,4046,242
"부산","2017.05","영도구",46,2,4,40,0,6303,236,1691,4179,197
"부산","2017.05","해운대구",85,3,0,82,0,12229,580,3449,7551,649
"부산","2017.05","부산기타",0,0,0,0,0,15,0,11,4,0
"부산","2017.06","금정구",99,8,21,70,0,8013,404,2432,4889,288
"부산","2017.06","기장군",56,7,8,41,0,4807,287,1554,2754,212
"부산","2017.06","남구",57,4,14,38,1,10645,494,2962,6750,439
"부산","2017.06","동구",41,4,3,33,1,4169,260,1046,2723,140
"부산","2017.06","동래구",93,8,11,74,0,8275,439,2584,4967,285
"부산","2017.06","부산진구",117,6,24,87,0,17511,587,6336,9756,832
"부산","2017.06","북구",61,1,3,57,0,8675,342,2577,5440,316
"부산","2017.06","사상구",192,34,39,118,1,9967,450,3087,6154,276
"부산","2017.06","사하구",130,4,18,106,2,11072,384,3072,7177,439
"부산","2017.06","서구",13,0,7,6,0,6060,182,1820,3886,172
"부산","2017.06","수영구",97,1,0,96,0,6375,274,1966,3835,300
"부산","2017.06","연제구",188,5,7,139,37,6364,294,1732,4077,261
"부산","2017.06","영도구",46,2,4,40,0,6322,236,1685,4198,203
"부산","2017.06","해운대구",83,3,0,80,0,12221,561,3447,7568,645
"부산","2017.06","부산기타",0,0,0,0,0,15,0,11,4,0
"부산","2017.07","금정구",99,8,21,70,0,8004,396,2410,4904,294
"부산","2017.07","기장군",57,7,8,42,0,4833,286,1558,2780,209
"부산","2017.07","남구",55,4,14,36,1,10658,488,2959,6777,434
"부산","2017.07","동구",51,4,8,38,1,4170,254,1044,2731,141
"부산","2017.07","동래구",94,8,11,75,0,8290,438,2575,4981,296
"부산","2017.07","부산진구",117,6,24,87,0,17272,582,6331,9800,559
"부산","2017.07","북구",59,1,3,55,0,8671,333,2577,5451,310
"부산","2017.07","사상구",190,34,39,116,1,9977,450,3085,6163,279
"부산","2017.07","사하구",130,4,18,106,2,11090,375,3069,7203,443
"부산","2017.07","서구",13,0,7,6,0,6069,179,1820,3893,177
"부산","2017.07","수영구",99,1,0,98,0,6372,273,1969,3823,307
"부산","2017.07","연제구",188,5,7,139,37,6378,291,1730,4083,274
"부산","2017.07","영도구",46,2,4,40,0,6353,236,1678,4226,213
"부산","2017.07","해운대구",85,3,0,82,0,12236,564,3439,7577,656
"부산","2017.07","부산기타",0,0,0,0,0,15,0,11,4,0
"부산","2017.08","금정구",98,8,21,69,0,8039,394,2409,4935,301
"부산","2017.08","기장군",56,7,8,41,0,4846,280,1557,2805,204
"부산","2017.08","남구",54,4,14,36,0,10640,487,2951,6761,441
"부산","2017.08","동구",56,4,13,38,1,4178,251,1037,2746,144
"부산","2017.08","동래구",94,8,11,75,0,8298,430,2573,4997,298
"부산","2017.08","부산진구",118,6,24,88,0,17305,574,6321,9834,576
"부산","2017.08","북구",59,1,3,55,0,8660,324,2572,5442,322
"부산","2017.08","사상구",189,34,39,115,1,9966,447,3070,6172,277
"부산","2017.08","사하구",127,4,18,103,2,11137,376,3081,7231,449
"부산","2017.08","서구",14,0,7,7,0,6085,180,1811,3907,187
"부산","2017.08","수영구",99,1,0,98,0,6371,275,1961,3830,305
"부산","2017.08","연제구",188,5,7,139,37,6419,292,1728,4113,286
"부산","2017.08","영도구",46,2,4,40,0,6375,227,1675,4255,218
"부산","2017.08","해운대구",85,3,0,82,0,12242,556,3427,7596,663
"부산","2017.08","부산기타",0,0,0,0,0,15,0,11,4,0
"부산","2017.09","금정구",98,8,21,69,0,8036,390,2399,4943,304
"부산","2017.09","기장군",56,7,8,41,0,4874,275,1562,2829,208
"부산","2017.09","남구",52,4,14,34,0,10647,473,2952,6761,461
"부산","2017.09","동구",62,5,18,38,1,4206,250,1036,2765,155
"부산","2017.09","동래구",92,7,9,75,1,8329,431,2576,5004,318
"부산","2017.09","부산진구",118,6,24,88,0,17315,563,6314,9855,583
"부산","2017.09","북구",60,1,3,56,0,8687,322,2560,5485,320
"부산","2017.09","사상구",187,33,39,114,1,9970,439,3079,6168,284
"부산","2017.09","사하구",121,4,18,99,0,11214,375,3079,7301,459
"부산","2017.09","서구",15,0,7,8,0,6090,178,1817,3903,192
"부산","2017.09","수영구",99,1,0,98,0,6394,279,1961,3838,316
"부산","2017.09","연제구",188,5,7,139,37,6431,280,1730,4126,295
"부산","2017.09","영도구",46,2,4,40,0,6361,226,1671,4250,214
"부산","2017.09","해운대구",85,3,0,82,0,12227,554,3417,7584,672
"부산","2017.09","부산기타",0,0,0,0,0,15,0,11,4,0
"부산","2017.10","금정구",98,8,21,69,0,8046,385,2395,4958,308
"부산","2017.10","기장군",56,7,8,41,0,4876,269,1570,2819,218
"부산","2017.10","남구",50,4,14,32,0,10621,458,2946,6739,478
"부산","2017.10","동구",67,5,23,38,1,4184,242,1031,2759,152
"부산","2017.10","동래구",92,7,9,75,1,8348,430,2567,5027,324
"부산","2017.10","부산진구",120,6,25,89,0,17293,547,6296,9862,588
"부산","2017.10","북구",59,1,3,55,0,8659,311,2553,5468,327
"부산","2017.10","사상구",187,33,39,114,1,9949,433,3072,6155,289
"부산","2017.10","사하구",120,3,18,99,0,11222,373,3079,7297,473
"부산","2017.10","서구",11,0,7,4,0,6130,176,1814,3945,195
"부산","2017.10","수영구",99,1,0,98,0,6393,279,1960,3832,322
"부산","2017.10","연제구",188,5,7,139,37,6408,280,1723,4107,298
"부산","2017.10","영도구",46,2,4,40,0,6355,224,1670,4251,210
"부산","2017.10","해운대구",85,3,0,82,0,12203,555,3415,7544,689
"부산","2017.10","부산기타",0,0,0,0,0,15,0,11,4,0
"부산","2017.11","금정구",97,8,21,68,0,8054,388,2396,4958,312
"부산","2017.11","기장군",56,7,8,41,0,4888,268,1573,2837,210
"부산","2017.11","남구",49,4,14,31,0,10577,449,2939,6705,484
"부산","2017.11","동구",66,4,23,38,1,4192,237,1027,2774,154
"부산","2017.11","동래구",92,7,9,75,1,8309,426,2560,4999,324
"부산","2017.11","부산진구",121,6,25,90,0,17273,535,6283,9844,611
"부산","2017.11","북구",59,1,3,55,0,8646,307,2546,5461,332
"부산","2017.11","사상구",187,33,39,114,1,9937,424,3067,6151,295
"부산","2017.11","사하구",119,3,18,98,0,11199,367,3064,7294,474
"부산","2017.11","서구",11,0,7,4,0,6104,176,1801,3936,191
"부산","2017.11","수영구",99,1,0,98,0,6415,282,1957,3849,327
"부산","2017.11","연제구",189,5,7,140,37,6408,273,1724,4103,308
"부산","2017.11","영도구",46,2,4,40,0,6332,219,1673,4223,217
"부산","2017.11","해운대구",86,3,0,83,0,12221,553,3404,7561,703
"부산","2017.11","부산기타",0,0,0,0,0,15,0,11,4,0
"부산","2017.12","금정구",96,8,21,67,0,8031,379,2387,4949,316
"부산","2017.12","기장군",57,7,8,42,0,4912,265,1577,2853,217
"부산","2017.12","남구",45,3,12,30,0,10516,443,2927,6669,477
"부산","2017.12","동구",73,4,30,38,1,4189,241,1022,2774,152
"부산","2017.12","동래구",91,7,8,75,1,8263,418,2540,4972,333
"부산","2017.12","부산진구",121,6,25,90,0,17225,530,6275,9813,607
"부산","2017.12","북구",60,1,3,56,0,8638,302,2546,5454,336
"부산","2017.12","사상구",185,32,39,113,1,9916,418,3057,6142,299
"부산","2017.12","사하구",116,3,18,95,0,11153,363,3059,7273,458
"부산","2017.12","서구",11,0,7,4,0,6085,172,1791,3934,188
"부산","2017.12","수영구",99,1,0,98,0,6395,276,1956,3838,325
"부산","2017.12","연제구",196,5,8,146,37,6396,269,1721,4094,312
"부산","2017.12","영도구",46,2,4,40,0,6339,216,1678,4227,218
"부산","2017.12","해운대구",87,4,0,83,0,12206,547,3397,7553,709
"부산","2017.12","부산기타",0,0,0,0,0,15,0,11,4,0
"부산","2018.01","금정구",96,8,21,67,0,8019,372,2381,4950,316
"부산","2018.01","기장군",59,7,8,44,0,4917,259,1583,2861,214
"부산","2018.01","남구",44,3,12,29,0,10491,448,2920,6650,473
"부산","2018.01","동구",78,4,36,37,1,4193,238,1022,2779,154
"부산","2018.01","동래구",91,7,8,75,1,8266,410,2534,4988,334
"부산","2018.01","부산진구",121,6,25,90,0,17159,525,6254,9775,605
"부산","2018.01","북구",60,1,3,56,0,8622,298,2541,5446,337
"부산","2018.01","사상구",184,32,39,112,1,9914,423,3051,6146,294
"부산","2018.01","사하구",112,3,18,91,0,11170,367,3044,7290,469
"부산","2018.01","서구",11,0,7,4,0,6067,171,1793,3919,184
"부산","2018.01","수영구",98,1,0,97,0,6392,273,1952,3840,327
"부산","2018.01","연제구",196,5,8,146,37,6394,267,1727,4088,312
"부산","2018.01","영도구",46,2,4,40,0,6334,219,1680,4217,218
"부산","2018.01","해운대구",87,4,0,83,0,12179,538,3388,7542,711
"부산","2018.01","부산기타",0,0,0,0,0,15,0,11,4,0
"부산","2018.02","금정구",96,8,21,67,0,8021,369,2374,4962,316
"부산","2018.02","기장군",60,7,8,45,0,4934,265,1580,2870,219
"부산","2018.02","남구",42,3,12,27,0,10454,449,2909,6619,477
"부산","2018.02","동구",79,4,36,38,1,4178,233,1021,2776,148
"부산","2018.02","동래구",91,7,8,75,1,8261,405,2525,4993,338
"부산","2018.02","부산진구",123,6,25,92,0,17132,511,6246,9766,609
"부산","2018.02","북구",60,1,3,56,0,8620,296,2535,5448,341
"부산","2018.02","사상구",183,32,39,111,1,9903,420,3040,6138,305
"부산","2018.02","사하구",106,3,14,89,0,11159,369,3040,7285,465
"부산","2018.02","서구",11,0,7,4,0,6060,171,1792,3915,182
"부산","2018.02","수영구",98,1,0,97,0,6390,275,1949,3838,328
"부산","2018.02","연제구",196,5,8,146,37,6407,258,1731,4100,318
"부산","2018.02","영도구",47,2,4,41,0,6326,220,1674,4214,218
"부산","2018.02","해운대구",87,4,0,83,0,12159,538,3388,7518,715
"부산","2018.02","부산기타",0,0,0,0,0,15,0,11,4,0
"부산","2018.03","금정구",96,8,21,67,0,8006,363,2363,4967,313
"부산","2018.03","기장군",60,7,8,45,0,4954,267,1579,2880,228
"부산","2018.03","남구",42,3,12,27,0,10490,451,2904,6638,497
"부산","2018.03","동구",80,4,36,39,1,4155,226,1018,2761,150
"부산","2018.03","동래구",90,7,8,74,1,8267,402,2516,5006,343
"부산","2018.03","부산진구",128,10,25,93,0,17141,511,6233,9769,628
"부산","2018.03","북구",61,1,3,57,0,8605,291,2525,5440,349
"부산","2018.03","사상구",181,31,39,110,1,9875,416,3038,6118,303
"부산","2018.03","사하구",105,3,14,88,0,11185,361,3038,7327,459
"부산","2018.03","서구",11,0,7,4,0,6035,167,1788,3901,179
"부산","2018.03","수영구",98,1,0,97,0,6401,282,1946,3832,341
"부산","2018.03","연제구",198,5,6,150,37,6366,246,1729,4068,323
"부산","2018.03","영도구",47,2,4,41,0,6311,218,1673,4201,219
"부산","2018.03","해운대구",87,4,0,83,0,12183,536,3385,7540,722
"부산","2018.03","부산기타",0,0,0,0,0,15,0,11,4,0
"부산","2018.04","금정구",97,8,21,68,0,8015,358,2354,4982,321
"부산","2018.04","기장군",60,7,8,45,0,4962,259,1583,2880,240
"부산","2018.04","남구",42,3,12,27,0,10493,446,2906,6638,503
"부산","2018.04","동구",79,4,36,38,1,4169,225,1022,2773,149
"부산","2018.04","동래구",89,7,8,73,1,8285,401,2522,5013,349
"부산","2018.04","부산진구",130,10,25,95,0,17128,509,6208,9760,651
"부산","2018.04","북구",61,1,3,57,0,8625,292,2522,5458,353
"부산","2018.04","사상구",180,31,39,109,1,9887,413,3036,6137,301
"부산","2018.04","사하구",101,3,14,84,0,11195,367,3028,7329,471
"부산","2018.04","서구",11,0,7,4,0,6027,164,1779,3905,179
"부산","2018.04","수영구",98,1,0,97,0,6407,284,1940,3845,338
"부산","2018.04","연제구",200,5,6,152,37,6359,247,1727,4051,334
"부산","2018.04","영도구",47,2,4,41,0,6304,215,1671,4198,220
"부산","2018.04","해운대구",87,4,0,83,0,12187,528,3382,7545,732
"부산","2018.04","부산기타",0,0,0,0,0,15,0,11,4,0
"부산","2018.05","금정구",95,8,20,67,0,8035,349,2351,5006,329
"부산","2018.05","기장군",60,7,8,45,0,4944,254,1573,2879,238
"부산","2018.05","남구",42,3,12,27,0,10515,453,2902,6661,499
"부산","2018.05","동구",79,4,36,38,1,4167,223,1025,2764,155
"부산","2018.05","동래구",88,5,9,73,1,8313,395,2516,5048,354
"부산","2018.05","부산진구",131,10,26,95,0,17065,500,6186,9731,648
"부산","2018.05","북구",61,1,3,57,0,8615,289,2508,5457,361
"부산","2018.05","사상구",180,31,39,109,1,9921,409,3033,6175,304
"부산","2018.05","사하구",96,3,14,79,0,11200,373,3020,7331,476
"부산","2018.05","서구",11,0,7,4,0,6056,162,1779,3929,186
"부산","2018.05","수영구",98,1,0,97,0,6437,282,1929,3872,354
"부산","2018.05","연제구",200,5,6,152,37,6365,239,1723,4061,342
"부산","2018.05","영도구",47,2,4,41,0,6293,213,1662,4195,223
"부산","2018.05","해운대구",87,4,0,83,0,12238,512,3373,7593,760
"부산","2018.05","부산기타",0,0,0,0,0,15,0,11,4,0
"부산","2018.06","금정구",95,8,20,67,0,8050,343,2353,5024,330
"부산","2018.06","기장군",60,7,8,45,0,4954,251,1579,2887,237
"부산","2018.06","남구",42,3,12,27,0,10532,446,2904,6678,504
"부산","2018.06","동구",78,3,36,38,1,4155,223,1012,2765,155
"부산","2018.06","동래구",88,5,9,73,1,8324,392,2506,5049,377
"부산","2018.06","부산진구",131,10,26,95,0,17065,499,6180,9736,650
"부산","2018.06","북구",61,1,3,57,0,8617,284,2497,5468,368
"부산","2018.06","사상구",179,31,39,108,1,9908,401,3027,6166,314
"부산","2018.06","사하구",92,3,11,78,0,11219,371,3016,7344,488
"부산","2018.06","서구",11,0,7,4,0,6056,164,1770,3935,187
"부산","2018.06","수영구",98,1,0,97,0,6434,282,1928,3861,363
"부산","2018.06","연제구",201,5,6,153,37,6358,236,1721,4041,360
"부산","2018.06","영도구",47,2,4,41,0,6289,208,1655,4202,224
"부산","2018.06","해운대구",87,4,0,83,0,12278,505,3380,7630,763
"부산","2018.06","부산기타",0,0,0,0,0,15,0,11,4,0
"부산","2018.07","금정구",97,8,20,68,1,8068,333,2361,5045,329
"부산","2018.07","기장군",60,7,8,45,0,4961,254,1576,2887,244
"부산","2018.07","남구",42,3,12,27,0,10547,451,2887,6681,528
"부산","2018.07","동구",79,3,36,38,2,4158,219,1008,2769,162
"부산","2018.07","동래구",88,5,9,73,1,8338,385,2500,5066,387
"부산","2018.07","부산진구",131,10,26,95,0,16999,504,6155,9682,658
"부산","2018.07","북구",56,1,3,52,0,8625,280,2493,5475,377
"부산","2018.07","사상구",176,31,36,108,1,9918,388,3029,6176,325
"부산","2018.07","사하구",92,3,11,78,0,11242,373,3018,7353,498
"부산","2018.07","서구",11,0,7,4,0,6046,163,1766,3924,193
"부산","2018.07","수영구",98,1,0,97,0,6412,280,1927,3845,360
"부산","2018.07","연제구",201,5,6,153,37,6338,233,1713,4027,365
"부산","2018.07","영도구",48,2,4,42,0,6280,204,1646,4201,229
"부산","2018.07","해운대구",88,4,0,83,1,12300,505,3386,7652,757
"부산","2018.07","부산기타",0,0,0,0,0,15,0,11,4,0
"부산","2018.08","금정구",97,8,20,68,1,8068,333,2361,5045,329
"부산","2018.08","기장군",60,7,8,45,0,4961,254,1576,2887,244
"부산","2018.08","남구",42,3,12,27,0,10547,451,2887,6681,528
"부산","2018.08","동구",79,3,36,38,2,4158,219,1008,2769,162
"부산","2018.08","동래구",88,5,9,73,1,8338,385,2500,5066,387
"부산","2018.08","부산진구",131,10,26,95,0,16999,504,6155,9682,658
"부산","2018.08","북구",56,1,3,52,0,8625,280,2493,5475,377
"부산","2018.08","사상구",176,31,36,108,1,9918,388,3029,6176,325
"부산","2018.08","사하구",92,3,11,78,0,11242,373,3018,7353,498
"부산","2018.08","서구",11,0,7,4,0,6046,163,1766,3924,193
"부산","2018.08","수영구",98,1,0,97,0,6412,280,1927,3845,360
"부산","2018.08","연제구",201,5,6,153,37,6338,233,1713,4027,365
"부산","2018.08","영도구",48,2,4,42,0,6280,204,1646,4201,229
"부산","2018.08","해운대구",88,4,0,83,1,12300,505,3386,7652,757
"부산","2018.08","부산기타",0,0,0,0,0,15,0,11,4,0
"부산","2018.09","금정구",97,8,20,68,1,8111,330,2363,5083,335
"부산","2018.09","기장군",59,7,7,45,0,4987,251,1574,2904,258
"부산","2018.09","남구",42,3,12,27,0,10646,462,2874,6763,547
"부산","2018.09","동구",79,3,36,38,2,4162,216,1001,2780,165
"부산","2018.09","동래구",85,5,7,73,0,8339,385,2485,5068,401
"부산","2018.09","부산진구",131,10,26,95,0,17014,506,6141,9705,662
"부산","2018.09","북구",58,1,3,54,0,8641,286,2481,5482,392
"부산","2018.09","사상구",168,27,33,107,1,9974,382,3030,6217,345
"부산","2018.09","사하구",88,3,7,78,0,11276,368,3001,7400,507
"부산","2018.09","서구",11,0,7,4,0,6113,167,1752,3983,211
"부산","2018.09","수영구",98,1,0,97,0,6426,280,1938,3846,362
"부산","2018.09","연제구",195,5,6,147,37,6311,231,1704,4014,362
"부산","2018.09","영도구",48,2,4,42,0,6334,206,1642,4249,237
"부산","2018.09","해운대구",91,4,0,86,1,12414,548,3391,7693,782
"부산","2018.09","부산기타",0,0,0,0,0,15,0,11,4,0
"부산","2018.10","금정구",94,8,17,68,1,8103,326,2351,5089,337
"부산","2018.10","기장군",59,7,7,45,0,4997,253,1579,2902,263
"부산","2018.10","남구",44,3,13,28,0,10692,467,2868,6793,564
"부산","2018.10","동구",79,3,36,38,2,4159,210,999,2782,168
"부산","2018.10","동래구",87,5,7,75,0,8334,391,2467,5065,411
"부산","2018.10","부산진구",129,10,26,93,0,16978,511,6117,9674,676
"부산","2018.10","북구",58,1,3,54,0,8647,286,2480,5482,399
"부산","2018.10","사상구",170,30,33,106,1,9932,390,3019,6186,337
"부산","2018.10","사하구",87,3,7,77,0,11300,367,2990,7433,510
"부산","2018.10","서구",11,0,7,4,0,6134,166,1755,4002,211
"부산","2018.10","수영구",100,1,0,99,0,6424,282,1933,3855,354
"부산","2018.10","연제구",199,5,6,151,37,6322,233,1707,4017,365
"부산","2018.10","영도구",49,2,4,43,0,6319,202,1640,4244,233
"부산","2018.10","해운대구",91,4,0,86,1,12397,532,3380,7690,795
"부산","2018.10","부산기타",0,0,0,0,0,15,0,11,4,0
"부산","2018.11","금정구",94,8,17,68,1,8090,323,2350,5083,334
"부산","2018.11","기장군",60,7,7,46,0,5002,262,1572,2904,264
"부산","2018.11","남구",43,3,12,28,0,10649,469,2858,6751,571
"부산","2018.11","동구",79,3,36,38,2,4189,229,1001,2787,172
"부산","2018.11","동래구",86,5,7,74,0,8335,394,2454,5071,416
"부산","2018.11","부산진구",133,10,26,97,0,16917,509,6095,9626,687
"부산","2018.11","북구",55,1,3,51,0,8643,276,2479,5483,405
"부산","2018.11","사상구",170,29,33,107,1,9911,391,3015,6177,328
"부산","2018.11","사하구",87,3,7,77,0,11313,369,2973,7455,516
"부산","2018.11","서구",10,0,7,3,0,6145,166,1759,4008,212
"부산","2018.11","수영구",100,1,0,99,0,6455,289,1929,3872,365
"부산","2018.11","연제구",197,5,6,149,37,6379,238,1714,4055,372
"부산","2018.11","영도구",49,3,4,42,0,6315,204,1637,4241,233
"부산","2018.11","해운대구",93,5,0,87,1,12419,572,3377,7678,792
"부산","2018.11","부산기타",0,0,0,0,0,15,0,11,4,0
"부산","2018.12","금정구",94,8,17,68,1,8092,323,2349,5078,342
"부산","2018.12","기장군",60,7,7,46,0,4992,260,1571,2892,269
"부산","2018.12","남구",41,3,12,26,0,10629,466,2845,6744,574
"부산","2018.12","동구",79,3,36,38,2,4202,264,992,2782,164
"부산","2018.12","동래구",86,5,7,74,0,8316,393,2444,5062,417
"부산","2018.12","부산진구",133,10,26,97,0,16876,507,6091,9590,688
"부산","2018.12","북구",56,1,3,52,0,8628,280,2474,5466,408
"부산","2018.12","사상구",170,29,33,107,1,9885,388,3002,6169,326
"부산","2018.12","사하구",86,3,7,76,0,11270,371,2975,7424,500
"부산","2018.12","서구",9,0,6,3,0,6134,162,1755,4007,210
"부산","2018.12","수영구",102,1,0,101,0,6425,293,1916,3847,369
"부산","2018.12","연제구",197,5,6,149,37,6375,242,1710,4055,368
"부산","2018.12","영도구",49,3,4,42,0,6313,200,1634,4246,233
"부산","2018.12","해운대구",93,5,0,87,1,12391,567,3366,7667,791
"부산","2018.12","부산기타",0,0,0,0,0,15,0,11,4,0
"부산","2019.01","금정구",95,8,17,69,1,8098,319,2348,5080,351
"부산","2019.01","기장군",60,7,7,46,0,4994,258,1570,2896,270
"부산","2019.01","남구",41,3,12,26,0,10614,463,2845,6735,571
"부산","2019.01","동구",78,3,35,38,2,4204,258,994,2783,169
"부산","2019.01","동래구",86,5,7,74,0,8276,391,2434,5031,420
"부산","2019.01","부산진구",138,10,25,103,0,16847,498,6069,9588,692
"부산","2019.01","북구",56,1,3,52,0,8620,277,2476,5453,414
"부산","2019.01","사상구",165,25,33,106,1,9864,385,3003,6151,325
"부산","2019.01","사하구",85,3,7,75,0,11269,365,2978,7413,513
"부산","2019.01","서구",9,0,6,3,0,6144,161,1751,4021,211
"부산","2019.01","수영구",102,1,0,101,0,6445,294,1921,3861,369
"부산","2019.01","연제구",197,5,6,149,37,6362,237,1709,4046,370
"부산","2019.01","영도구",49,3,4,42,0,6287,197,1631,4224,235
"부산","2019.01","해운대구",93,5,0,87,1,12362,551,3361,7650,800
"부산","2019.01","부산기타",0,0,0,0,0,15,0,11,4,0
"부산","2019.02","금정구",97,8,17,71,1,8091,318,2345,5075,353
"부산","2019.02","기장군",60,7,7,46,0,5008,256,1574,2903,275
"부산","2019.02","남구",40,3,12,25,0,10577,454,2837,6704,582
"부산","2019.02","동구",78,3,35,38,2,4191,258,993,2767,173
"부산","2019.02","동래구",86,5,7,74,0,8264,394,2434,5016,420
"부산","2019.02","부산진구",137,10,25,102,0,16841,496,6057,9587,701
"부산","2019.02","북구",56,1,3,52,0,8597,277,2469,5430,421
"부산","2019.02","사상구",164,24,33,106,1,9854,384,3006,6137,327
"부산","2019.02","사하구",85,3,7,75,0,11255,362,2979,7401,513
"부산","2019.02","서구",9,0,6,3,0,6120,162,1741,4010,207
"부산","2019.02","수영구",102,1,0,101,0,6453,292,1914,3873,374
"부산","2019.02","연제구",197,5,6,149,37,6374,241,1712,4048,373
"부산","2019.02","영도구",49,3,4,42,0,6292,188,1631,4233,240
"부산","2019.02","해운대구",93,5,0,87,1,12362,541,3354,7659,808
"부산","2019.02","부산기타",0,0,0,0,0,15,0,11,4,0
"부산","2019.03","금정구",97,8,17,71,1,8122,323,2340,5108,351
"부산","2019.03","기장군",60,7,7,46,0,5038,269,1580,2901,288
"부산","2019.03","남구",40,3,12,25,0,10583,455,2827,6721,580
"부산","2019.03","동구",77,3,35,37,2,4190,258,991,2767,174
"부산","2019.03","동래구",86,5,7,74,0,8287,398,2419,5038,432
"부산","2019.03","부산진구",140,10,24,106,0,16850,498,6046,9601,705
"부산","2019.03","북구",56,1,3,52,0,8585,292,2458,5414,421
"부산","2019.03","사상구",166,25,33,107,1,9861,404,3001,6126,330
"부산","2019.03","사하구",85,3,7,75,0,11274,359,2981,7412,522
"부산","2019.03","서구",9,0,6,3,0,6118,160,1732,4022,204
"부산","2019.03","수영구",102,1,0,101,0,6460,302,1913,3863,382
"부산","2019.03","연제구",196,5,6,148,37,6390,241,1710,4058,381
"부산","2019.03","영도구",49,3,4,42,0,6279,185,1625,4221,248
"부산","2019.03","해운대구",94,5,0,88,1,12380,552,3343,7668,817
"부산","2019.03","부산기타",0,0,0,0,0,15,0,11,4,0
"부산","2019.04","금정구",99,8,17,72,2,8151,323,2342,5131,355
"부산","2019.04","기장군",62,7,7,48,0,5051,269,1587,2902,293
"부산","2019.04","남구",40,3,12,25,0,10582,448,2813,6737,584
"부산","2019.04","동구",76,3,35,37,1,4172,258,984,2749,181
"부산","2019.04","동래구",86,5,7,74,0,8320,398,2414,5064,444
"부산","2019.04","부산진구",145,11,24,110,0,16888,510,6029,9615,734
"부산","2019.04","북구",56,1,3,52,0,8598,299,2445,5424,430
"부산","2019.04","사상구",163,25,30,107,1,9893,429,2996,6132,336
"부산","2019.04","사하구",84,2,7,75,0,11314,369,2973,7425,547
"부산","2019.04","서구",9,0,6,3,0,6105,161,1730,4016,198
"부산","2019.04","수영구",102,1,0,101,0,6470,300,1911,3880,379
"부산","2019.04","연제구",196,5,6,148,37,6428,250,1713,4079,386
"부산","2019.04","영도구",49,3,4,42,0,6282,181,1619,4228,254
"부산","2019.04","해운대구",94,5,0,88,1,12397,549,3341,7696,811
"부산","2019.04","부산기타",0,0,0,0,0,15,0,11,4,0
"부산","2019.05","금정구",99,8,17,72,2,8150,334,2332,5116,368
"부산","2019.05","기장군",62,7,7,48,0,5074,267,1587,2930,290
"부산","2019.05","남구",40,3,12,25,0,10586,446,2810,6743,587
"부산","2019.05","동구",76,3,35,37,1,4196,255,983,2774,184
"부산","2019.05","동래구",86,5,7,74,0,8344,404,2416,5070,454
"부산","2019.05","부산진구",147,13,24,110,0,16927,516,6006,9655,750
"부산","2019.05","북구",57,1,3,52,1,8612,309,2451,5426,426
"부산","2019.05","사상구",163,25,30,107,1,9924,444,2994,6140,346
"부산","2019.05","사하구",84,2,7,75,0,11348,376,2961,7452,559
"부산","2019.05","서구",9,0,6,3,0,6136,167,1731,4039,199
"부산","2019.05","수영구",102,1,0,101,0,6507,298,1918,3901,390
"부산","2019.05","연제구",196,5,6,148,37,6443,250,1711,4098,384
"부산","2019.05","영도구",49,3,4,42,0,6266,186,1610,4215,255
"부산","2019.05","해운대구",93,5,0,87,1,12416,547,3336,7700,833
"부산","2019.05","부산기타",0,0,0,0,0,15,0,11,4,0
"부산","2019.06","금정구",96,8,14,72,2,8179,348,2327,5117,387
"부산","2019.06","기장군",62,7,7,48,0,5108,271,1588,2952,297
"부산","2019.06","남구",40,3,12,25,0,10602,446,2797,6765,594
"부산","2019.06","동구",72,3,31,37,1,4219,255,981,2801,182
"부산","2019.06","동래구",86,5,7,74,0,8361,395,2418,5082,466
"부산","2019.06","부산진구",142,12,24,106,0,16962,523,6004,9671,764
"부산","2019.06","북구",64,8,3,52,1,8632,315,2435,5441,441
"부산","2019.06","사상구",163,26,30,106,1,9978,464,2987,6174,353
"부산","2019.06","사하구",84,2,7,75,0,11416,400,2959,7490,567
"부산","2019.06","서구",9,0,6,3,0,6115,169,1722,4019,205
"부산","2019.06","수영구",102,1,0,101,0,6513,300,1914,3906,393
"부산","2019.06","연제구",196,5,6,148,37,6462,245,1705,4124,388
"부산","2019.06","영도구",49,3,4,42,0,6297,196,1611,4223,267
"부산","2019.06","해운대구",93,5,0,87,1,12437,551,3327,7712,847
"부산","2019.06","부산기타",0,0,0,0,0,15,0,11,4,0
"부산","2019.07","금정구",98,8,14,73,3,8226,358,2330,5151,387
"부산","2019.07","기장군",62,7,7,48,0,5143,279,1600,2959,305
"부산","2019.07","남구",40,3,12,25,0,10624,451,2799,6772,602
"부산","2019.07","동구",72,3,31,37,1,4235,260,979,2812,184
"부산","2019.07","동래구",85,5,6,74,0,8412,402,2414,5122,474
"부산","2019.07","부산진구",140,13,24,103,0,17028,537,5996,9729,766
"부산","2019.07","북구",67,10,4,52,1,8616,327,2427,5419,443
"부산","2019.07","사상구",163,26,30,106,1,10024,477,2981,6203,363
"부산","2019.07","사하구",85,3,7,75,0,11459,425,2956,7511,567
"부산","2019.07","서구",9,0,6,3,0,6146,179,1723,4038,206
"부산","2019.07","수영구",102,1,0,101,0,6530,308,1913,3920,389
"부산","2019.07","연제구",195,5,6,148,36,6487,262,1700,4136,389
"부산","2019.07","영도구",49,3,4,42,0,6298,201,1605,4219,273
"부산","2019.07","해운대구",93,5,0,87,1,12459,548,3321,7725,865
"부산","2019.07","부산기타",0,0,0,0,0,15,0,11,4,0
"부산","2019.08","금정구",97,8,14,72,3,8258,363,2321,5183,391
"부산","2019.08","기장군",62,7,7,48,0,5158,280,1596,2969,313
"부산","2019.08","남구",38,3,10,25,0,10664,464,2800,6792,608
"부산","2019.08","동구",75,3,31,40,1,4284,262,983,2848,191
"부산","2019.08","동래구",85,5,6,74,0,8491,427,2419,5177,468
"부산","2019.08","부산진구",137,13,24,100,0,17078,562,5992,9750,774
"부산","2019.08","북구",67,10,4,52,1,8643,354,2429,5410,450
"부산","2019.08","사상구",161,26,28,106,1,10026,485,2982,6195,364
"부산","2019.08","사하구",85,3,7,75,0,11537,461,2946,7557,573
"부산","2019.08","서구",9,0,6,3,0,6135,193,1713,4020,209
"부산","2019.08","수영구",102,1,0,101,0,6609,319,1916,3977,397
"부산","2019.08","연제구",194,5,6,147,36,6528,279,1697,4144,408
"부산","2019.08","영도구",49,3,4,42,0,6308,202,1601,4227,278
"부산","2019.08","해운대구",98,10,0,87,1,12472,552,3312,7745,863
"부산","2019.08","부산기타",0,0,0,0,0,14,0,10,4,0
"부산","2019.09","금정구",96,8,13,72,3,8272,363,2326,5191,392
"부산","2019.09","기장군",62,7,7,48,0,5187,286,1594,2983,324
"부산","2019.09","남구",38,3,10,25,0,10680,465,2805,6786,624
"부산","2019.09","동구",75,3,31,40,1,4300,258,980,2863,199
"부산","2019.09","동래구",85,5,6,74,0,8495,428,2405,5182,480
"부산","2019.09","부산진구",136,13,24,99,0,17132,547,5992,9814,779
"부산","2019.09","북구",66,10,4,52,0,8644,353,2419,5415,457
"부산","2019.09","사상구",161,26,28,106,1,10074,487,2984,6225,378
"부산","2019.09","사하구",85,3,7,75,0,11581,464,2948,7582,587
"부산","2019.09","서구",9,0,6,3,0,6133,189,1711,4024,209
"부산","2019.09","수영구",102,1,0,101,0,6612,307,1918,3988,399
"부산","2019.09","연제구",194,5,6,147,36,6555,278,1696,4177,404
"부산","2019.09","영도구",49,3,4,42,0,6295,203,1592,4212,288
"부산","2019.09","해운대구",98,10,0,87,1,12506,550,3317,7755,884
"부산","2019.09","부산기타",0,0,0,0,0,14,0,10,4,0
"부산","2019.10","금정구",99,9,15,72,3,8259,372,2312,5193,382
"부산","2019.10","기장군",62,7,7,48,0,5192,282,1590,3001,319
"부산","2019.10","남구",38,3,10,25,0,10705,471,2797,6803,634
"부산","2019.10","동구",75,3,31,40,1,4311,259,979,2866,207
"부산","2019.10","동래구",85,5,6,74,0,8508,439,2404,5170,495
"부산","2019.10","부산진구",135,13,24,98,0,17197,561,5993,9828,815
"부산","2019.10","북구",72,14,4,54,0,8638,362,2412,5395,469
"부산","2019.10","사상구",160,25,28,106,1,10134,536,2980,6233,385
"부산","2019.10","사하구",85,3,7,75,0,11643,481,2947,7620,595
"부산","2019.10","서구",9,0,6,3,0,6138,190,1709,4030,209
"부산","2019.10","수영구",102,1,0,101,0,6614,299,1918,4001,396
"부산","2019.10","연제구",195,5,6,148,36,6551,282,1688,4183,398
"부산","2019.10","영도구",49,3,4,42,0,6311,210,1590,4221,290
"부산","2019.10","해운대구",98,10,0,87,1,12546,554,3319,7772,901
"부산","2019.10","부산기타",0,0,0,0,0,14,0,10,4,0
"부산","2019.11","금정구",99,9,15,72,3,8259,372,2300,5200,387
"부산","2019.11","기장군",61,6,7,48,0,5198,279,1594,3004,321
"부산","2019.11","남구",38,3,10,25,0,10707,476,2788,6801,642
"부산","2019.11","동구",75,3,31,40,1,4311,257,979,2863,212
"부산","2019.11","동래구",84,5,5,74,0,8529,438,2409,5181,501
"부산","2019.11","부산진구",130,13,24,93,0,17152,562,5980,9791,819
"부산","2019.11","북구",71,14,4,53,0,8649,361,2417,5401,470
"부산","2019.11","사상구",155,25,28,101,1,10133,538,2979,6222,394
"부산","2019.11","사하구",85,3,7,75,0,11637,479,2944,7616,598
"부산","2019.11","서구",9,0,6,3,0,6133,189,1705,4023,216
"부산","2019.11","수영구",102,1,0,101,0,6609,297,1911,4003,398
"부산","2019.11","연제구",195,5,6,148,36,6558,269,1691,4193,405
"부산","2019.11","영도구",49,3,4,42,0,6307,208,1588,4219,292
"부산","2019.11","해운대구",99,11,0,87,1,12535,547,3309,7778,901
"부산","2019.11","부산기타",0,0,0,0,0,14,0,10,4,0
"부산","2019.12","금정구",101,9,15,74,3,8258,373,2291,5205,389
"부산","2019.12","기장군",71,6,7,58,0,5198,271,1588,3010,329
"부산","2019.12","남구",36,3,10,23,0,10701,478,2791,6782,650
"부산","2019.12","동구",74,3,31,39,1,4297,250,971,2866,210
"부산","2019.12","동래구",84,5,5,74,0,8534,429,2405,5191,509
"부산","2019.12","부산진구",132,13,23,96,0,17109,545,5961,9779,824
"부산","2019.12","북구",71,14,4,53,0,8646,360,2427,5391,468
"부산","2019.12","사상구",155,25,28,101,1,10105,536,2972,6198,399
"부산","2019.12","사하구",87,3,7,77,0,11620,475,2938,7611,596
"부산","2019.12","서구",8,0,6,2,0,6113,190,1704,4007,212
"부산","2019.12","수영구",102,1,0,101,0,6578,296,1904,3974,404
"부산","2019.12","연제구",195,5,6,148,36,6559,272,1687,4191,409
"부산","2019.12","영도구",49,3,4,42,0,6294,206,1578,4224,286
"부산","2019.12","해운대구",102,9,0,92,1,12549,555,3307,7779,908
"부산","2019.12","부산기타",0,0,0,0,0,14,0,10,4,0
"부산","2020.01","금정구",99,8,15,73,3,8226,369,2284,5183,390
"부산","2020.01","기장군",62,6,7,49,0,5200,268,1582,3008,342
"부산","2020.01","남구",36,3,10,23,0,10685,478,2784,6770,653
"부산","2020.01","동구",74,3,31,39,1,4290,243,966,2867,214
"부산","2020.01","동래구",84,5,5,74,0,8522,424,2405,5184,509
"부산","2020.01","부산진구",132,13,23,96,0,17107,545,5953,9778,831
"부산","2020.01","북구",70,13,4,53,0,8639,356,2424,5387,472
"부산","2020.01","사상구",155,25,28,101,1,10107,535,2971,6195,406
"부산","2020.01","사하구",87,3,7,77,0,11626,470,2937,7616,603
"부산","2020.01","서구",8,0,6,2,0,6108,193,1699,3995,221
"부산","2020.01","수영구",102,1,0,101,0,6570,295,1899,3965,411
"부산","2020.01","연제구",195,5,6,148,36,6564,265,1687,4199,413
"부산","2020.01","영도구",49,3,4,42,0,6301,200,1581,4232,288
"부산","2020.01","해운대구",101,8,0,92,1,12551,559,3307,7765,920
"부산","2020.01","부산기타",0,0,0,0,0,14,0,10,4,0
"부산","2020.02","금정구",99,8,15,73,3,8239,366,2292,5180,401
"부산","2020.02","기장군",65,6,7,52,0,5216,262,1589,3022,343
"부산","2020.02","남구",36,3,10,23,0,10647,478,2773,6754,642
"부산","2020.02","동구",73,3,31,38,1,4287,239,963,2869,216
"부산","2020.02","동래구",84,5,5,74,0,8519,420,2395,5188,516
"부산","2020.02","부산진구",130,13,23,94,0,17131,543,5952,9791,845
"부산","2020.02","북구",70,13,4,53,0,8624,346,2416,5381,481
"부산","2020.02","사상구",156,25,28,102,1,10073,527,2980,6166,400
"부산","2020.02","사하구",87,3,7,77,0,11647,468,2934,7629,616
"부산","2020.02","서구",8,0,6,2,0,6095,195,1691,3988,221
"부산","2020.02","수영구",102,1,0,101,0,6588,294,1897,3974,423
"부산","2020.02","연제구",195,5,6,148,36,6576,266,1685,4209,416
"부산","2020.02","영도구",49,3,4,42,0,6315,201,1584,4249,281
"부산","2020.02","해운대구",101,8,0,92,1,12548,555,3303,7769,921
"부산","2020.02","부산기타",0,0,0,0,0,14,0,10,4,0
"부산","2020.03","금정구",99,8,15,73,3,8227,370,2292,5175,390
"부산","2020.03","기장군",65,6,7,52,0,5277,275,1592,3065,345
"부산","2020.03","남구",36,3,10,23,0,10729,491,2765,6811,662
"부산","2020.03","동구",73,3,31,38,1,4299,239,970,2874,216
"부산","2020.03","동래구",83,5,5,73,0,8549,418,2394,5215,522
"부산","2020.03","부산진구",127,13,23,91,0,17229,541,5960,9859,869
"부산","2020.03","북구",70,13,4,53,0,8633,355,2412,5379,487
"부산","2020.03","사상구",155,25,28,101,1,10107,529,2984,6190,404
"부산","2020.03","사하구",87,3,7,77,0,11717,491,2928,7658,640
"부산","2020.03","서구",8,0,6,2,0,6085,203,1684,3973,225
"부산","2020.03","수영구",102,1,0,101,0,6616,305,1892,3979,440
"부산","2020.03","연제구",195,5,6,148,36,6606,268,1673,4239,426
"부산","2020.03","영도구",49,3,4,42,0,6328,204,1580,4255,289
"부산","2020.03","해운대구",100,7,0,92,1,12603,562,3299,7795,947
"부산","2020.03","부산기타",0,0,0,0,0,14,0,10,4,0
"부산","2020.04","금정구",92,8,8,73,3,8265,389,2283,5198,395
"부산","2020.04","기장군",67,8,7,52,0,5308,288,1590,3083,347
"부산","2020.04","남구",36,3,10,23,0,10755,507,2755,6819,674
"부산","2020.04","동구",70,3,29,37,1,4343,257,973,2882,231
"부산","2020.04","동래구",79,5,1,73,0,8593,438,2385,5235,535
"부산","2020.04","부산진구",126,13,23,90,0,17298,580,5938,9899,881
"부산","2020.04","북구",70,13,4,53,0,8642,373,2401,5380,488
"부산","2020.04","사상구",150,28,20,101,1,10172,561,2986,6210,415
"부산","2020.04","사하구",82,3,2,77,0,11821,537,2917,7704,663
"부산","2020.04","서구",9,1,6,2,0,6104,208,1684,3987,225
"부산","2020.04","수영구",106,5,0,101,0,6632,319,1883,3980,450
"부산","2020.04","연제구",193,5,5,147,36,6660,276,1680,4263,441
"부산","2020.04","영도구",49,3,4,42,0,6334,218,1574,4254,288
"부산","2020.04","해운대구",100,7,0,92,1,12679,578,3295,7830,976
"부산","2020.04","부산기타",0,0,0,0,0,14,0,10,4,0
"부산","2020.05","금정구",95,13,8,71,3,8301,389,2271,5224,417
"부산","2020.05","기장군",72,13,7,52,0,5364,305,1595,3094,370
"부산","2020.05","남구",36,3,10,23,0,10801,517,2750,6852,682
"부산","2020.05","동구",75,8,29,37,1,4371,261,976,2899,235
"부산","2020.05","동래구",79,5,1,73,0,8660,444,2392,5270,554
"부산","2020.05","부산진구",133,20,23,90,0,17335,598,5929,9909,899
"부산","2020.05","북구",79,22,4,53,0,8697,406,2402,5392,497
"부산","2020.05","사상구",153,31,20,101,1,10211,582,2990,6225,414
"부산","2020.05","사하구",88,9,2,77,0,11890,547,2914,7757,672
"부산","2020.05","서구",9,1,6,2,0,6137,219,1685,4002,231
"부산","2020.05","수영구",106,5,0,101,0,6681,335,1881,4008,457
"부산","2020.05","연제구",193,5,5,147,36,6667,288,1688,4252,439
"부산","2020.05","영도구",51,5,4,42,0,6354,225,1575,4261,293
"부산","2020.05","해운대구",106,13,0,92,1,12738,592,3295,7870,981
"부산","2020.05","부산기타",0,0,0,0,0,14,0,10,4,0
"부산","2020.06","금정구",94,12,8,71,3,8312,379,2273,5250,410
"부산","2020.06","기장군",72,13,7,52,0,5410,297,1597,3125,391
"부산","2020.06","남구",36,3,10,23,0,10834,519,2733,6887,695
"부산","2020.06","동구",75,8,29,37,1,4370,261,976,2896,237
"부산","2020.06","동래구",79,5,1,73,0,8672,445,2394,5277,556
"부산","2020.06","부산진구",133,20,23,90,0,17424,612,5928,9969,915
"부산","2020.06","북구",76,22,4,50,0,8732,420,2409,5397,506
"부산","2020.06","사상구",150,29,20,101,0,10246,580,2978,6260,428
"부산","2020.06","사하구",88,9,2,77,0,11904,543,2899,7786,676
"부산","2020.06","서구",9,1,6,2,0,6163,231,1681,4007,244
"부산","2020.06","수영구",106,5,0,101,0,6713,334,1882,4029,468
"부산","2020.06","연제구",193,5,5,147,36,6669,285,1683,4242,459
"부산","2020.06","영도구",52,6,4,42,0,6367,224,1571,4281,291
"부산","2020.06","해운대구",106,13,0,92,1,12787,600,3286,7900,1001
"부산","2020.06","부산기타",0,0,0,0,0,14,0,10,4,0
"부산","2020.07","금정구",94,12,8,71,3,8335,388,2270,5268,409
"부산","2020.07","기장군",72,13,7,52,0,5424,294,1596,3141,393
"부산","2020.07","남구",36,3,10,23,0,10858,531,2720,6901,706
"부산","2020.07","동구",75,8,29,37,1,4377,260,976,2903,238
"부산","2020.07","동래구",79,5,1,73,0,8677,456,2381,5290,550
"부산","2020.07","부산진구",126,17,23,86,0,17464,601,5936,10013,914
"부산","2020.07","북구",74,22,4,48,0,8788,428,2411,5432,517
"부산","2020.07","사상구",149,28,20,101,0,10251,582,2976,6261,432
"부산","2020.07","사하구",88,10,2,76,0,11933,546,2897,7797,693
"부산","2020.07","서구",9,1,6,2,0,6167,230,1673,4009,255
"부산","2020.07","수영구",103,5,0,98,0,6743,336,1873,4041,493
"부산","2020.07","연제구",145,4,5,100,36,6702,288,1679,4270,465
"부산","2020.07","영도구",52,6,4,42,0,6364,222,1571,4281,290
"부산","2020.07","해운대구",103,13,0,89,1,12846,600,3285,7948,1013
"부산","2020.07","부산기타",0,0,0,0,0,14,0,10,4,0
"부산","2020.08","금정구",94,12,8,71,3,8327,389,2272,5260,406
"부산","2020.08","기장군",72,13,7,52,0,5507,297,1608,3192,410
"부산","2020.08","남구",35,3,10,22,0,10851,525,2714,6907,705
"부산","2020.08","동구",75,8,29,37,1,4379,252,977,2919,231
"부산","2020.08","동래구",79,5,1,73,0,8684,454,2378,5287,565
"부산","2020.08","부산진구",127,17,23,87,0,17514,601,5921,10069,923
"부산","2020.08","북구",73,21,4,48,0,8792,419,2404,5452,517
"부산","2020.08","사상구",148,28,20,100,0,10271,581,2974,6272,444
"부산","2020.08","사하구",90,10,2,78,0,11963,542,2902,7823,696
"부산","2020.08","서구",9,1,6,2,0,6155,227,1664,4013,251
"부산","2020.08","수영구",103,5,0,98,0,6793,335,1873,4081,504
"부산","2020.08","연제구",141,4,5,96,36,6769,284,1670,4339,476
"부산","2020.08","영도구",52,6,4,42,0,6370,220,1573,4294,283
"부산","2020.08","해운대구",98,13,0,84,1,12868,593,3285,7992,998
"부산","2020.08","부산기타",0,0,0,0,0,14,0,10,4,0
"부산","2020.09","금정구",94,12,8,71,3,8377,384,2277,5302,414
"부산","2020.09","기장군",72,10,7,55,0,5551,299,1601,3238,413
"부산","2020.09","남구",35,3,10,22,0,10835,519,2695,6918,703
"부산","2020.09","동구",75,8,29,37,1,4373,234,974,2930,235
"부산","2020.09","동래구",79,5,1,73,0,8728,444,2373,5335,576
"부산","2020.09","부산진구",129,17,23,87,2,17554,604,5906,10093,951
"부산","2020.09","북구",73,21,4,48,0,8801,414,2404,5467,516
"부산","2020.09","사상구",148,28,20,100,0,10304,573,2962,6316,453
"부산","2020.09","사하구",90,10,2,78,0,12013,545,2890,7868,710
"부산","2020.09","서구",9,1,6,2,0,6176,230,1661,4034,251
"부산","2020.09","수영구",103,5,0,98,0,6849,343,1890,4115,501
"부산","2020.09","연제구",140,4,5,95,36,6841,283,1668,4405,485
"부산","2020.09","영도구",52,6,4,42,0,6396,222,1578,4319,277
"부산","2020.09","해운대구",98,13,0,84,1,12882,577,3273,8016,1016
"부산","2020.09","부산기타",0,0,0,0,0,14,0,10,4,0
"부산","2020.10","금정구",94,12,8,71,3,8356,380,2271,5288,417
"부산","2020.10","기장군",72,10,7,55,0,5551,294,1598,3241,418
"부산","2020.10","남구",35,3,10,22,0,10900,519,2691,6957,733
"부산","2020.10","동구",75,8,29,37,1,4376,230,966,2942,238
"부산","2020.10","동래구",79,5,1,73,0,8749,450,2370,5355,574
"부산","2020.10","부산진구",129,17,23,87,2,17590,611,5906,10105,968
"부산","2020.10","북구",73,21,4,48,0,8813,407,2403,5481,522
"부산","2020.10","사상구",147,27,20,100,0,10337,569,2954,6346,468
"부산","2020.10","사하구",90,10,2,78,0,12001,541,2886,7868,706
"부산","2020.10","서구",9,1,6,2,0,6215,234,1665,4067,249
"부산","2020.10","수영구",104,5,0,99,0,6848,335,1889,4127,497
"부산","2020.10","연제구",140,4,5,95,36,6880,281,1671,4432,496
"부산","2020.10","영도구",52,6,4,42,0,6380,217,1579,4314,270
"부산","2020.10","해운대구",98,13,0,84,1,12948,579,3259,8048,1062
"부산","2020.10","부산기타",0,0,0,0,0,14,0,10,4,0
"부산","2020.11","금정구",94,12,8,71,3,8325,375,2267,5266,417
"부산","2020.11","기장군",73,10,7,56,0,5557,290,1612,3236,419
"부산","2020.11","남구",35,3,10,22,0,10891,507,2678,6968,738
"부산","2020.11","동구",75,8,29,37,1,4368,231,972,2925,240
"부산","2020.11","동래구",80,5,1,73,1,8765,443,2360,5381,581
"부산","2020.11","부산진구",126,17,23,84,2,17630,612,5905,10116,997
"부산","2020.11","북구",73,21,4,48,0,8804,404,2397,5477,526
"부산","2020.11","사상구",147,27,20,100,0,10328,578,2950,6335,465
"부산","2020.11","사하구",90,10,2,78,0,12007,534,2880,7877,716
"부산","2020.11","서구",9,1,6,2,0,6229,233,1661,4082,253
"부산","2020.11","수영구",104,5,0,99,0,6874,337,1887,4141,509
"부산","2020.11","연제구",140,4,5,95,36,6843,279,1669,4393,502
"부산","2020.11","영도구",52,6,4,42,0,6364,218,1573,4307,266
"부산","2020.11","해운대구",98,13,0,84,1,12949,574,3261,8040,1074
"부산","2020.11","부산기타",0,0,0,0,0,14,0,10,4,0
"부산","2020.12","금정구",98,12,8,75,3,8311,371,2271,5244,425
"부산","2020.12","기장군",73,10,7,56,0,5607,288,1627,3264,428
"부산","2020.12","남구",34,3,10,21,0,10869,509,2664,6966,730
"부산","2020.12","동구",76,8,29,38,1,4369,231,968,2930,240
"부산","2020.12","동래구",79,5,1,72,1,8751,434,2355,5372,590
"부산","2020.12","부산진구",132,17,23,90,2,17612,602,5908,10096,1006
"부산","2020.12","북구",72,20,4,48,0,8766,403,2389,5449,525
"부산","2020.12","사상구",146,27,19,100,0,10328,578,2941,6349,460
"부산","2020.12","사하구",90,10,2,78,0,11978,534,2876,7850,718
"부산","2020.12","서구",9,1,6,2,0,6252,235,1663,4099,255
"부산","2020.12","수영구",104,5,0,99,0,6873,327,1893,4139,514
"부산","2020.12","연제구",143,4,5,98,36,6808,273,1657,4373,505
"부산","2020.12","영도구",53,6,4,43,0,6386,215,1568,4330,273
"부산","2020.12","해운대구",99,13,0,85,1,12957,574,3260,8048,1075
"부산","2020.12","부산기타",0,0,0,0,0,14,0,10,4,0
"부산","2021.01","금정구",98,12,8,75,3,8295,370,2263,5240,422
"부산","2021.01","기장군",73,10,7,56,0,5665,291,1630,3313,431
"부산","2021.01","남구",34,3,10,21,0,10885,507,2656,6982,740
"부산","2021.01","동구",77,8,29,39,1,4364,228,965,2926,245
"부산","2021.01","동래구",78,5,1,72,0,8755,424,2364,5369,598
"부산","2021.01","부산진구",132,17,23,90,2,17632,605,5909,10101,1017
"부산","2021.01","북구",72,20,4,48,0,8761,398,2386,5463,514
"부산","2021.01","사상구",144,27,19,98,0,10332,568,2936,6361,467
"부산","2021.01","사하구",89,10,2,77,0,11978,530,2870,7864,714
"부산","2021.01","서구",9,1,6,2,0,6255,236,1659,4104,256
"부산","2021.01","수영구",104,5,0,99,0,6864,325,1898,4130,511
"부산","2021.01","연제구",144,5,5,98,36,6809,270,1657,4370,512
"부산","2021.01","영도구",53,6,4,43,0,6386,215,1573,4319,279
"부산","2021.01","해운대구",99,13,0,85,1,12917,564,3247,8054,1052
"부산","2021.01","부산기타",0,0,0,0,0,14,0,10,4,0
"부산","2021.02","금정구",98,12,8,75,3,8300,371,2263,5235,431
"부산","2021.02","기장군",73,10,7,56,0,5660,286,1629,3309,436
"부산","2021.02","남구",33,3,10,20,0,10869,504,2660,6959,746
"부산","2021.02","동구",77,8,29,39,1,4351,226,961,2918,246
"부산","2021.02","동래구",78,5,1,72,0,8776,422,2361,5376,617
"부산","2021.02","부산진구",132,17,23,90,2,17678,603,5905,10132,1038
"부산","2021.02","북구",75,20,4,51,0,8750,397,2378,5461,514
"부산","2021.02","사상구",144,27,19,98,0,10351,575,2930,6377,469
"부산","2021.02","사하구",88,10,2,76,0,12002,529,2871,7883,719
"부산","2021.02","서구",9,1,6,2,0,6257,233,1660,4107,257
"부산","2021.02","수영구",103,5,0,98,0,6871,322,1893,4153,503
"부산","2021.02","연제구",144,5,5,98,36,6818,266,1657,4378,517
"부산","2021.02","영도구",53,6,4,43,0,6371,210,1568,4316,277
"부산","2021.02","해운대구",99,13,0,85,1,12930,558,3242,8057,1073
"부산","2021.02","부산기타",0,0,0,0,0,14,0,10,4,0
"부산","2021.03","금정구",97,12,8,74,3,8327,373,2254,5271,429
"부산","2021.03","기장군",73,10,7,56,0,5680,286,1633,3336,425
"부산","2021.03","남구",33,3,10,20,0,10855,502,2658,6948,747
"부산","2021.03","동구",77,8,29,39,1,4352,226,959,2922,245
"부산","2021.03","동래구",78,5,1,72,0,8782,420,2352,5387,623
"부산","2021.03","부산진구",132,17,23,90,2,17745,616,5900,10177,1052
"부산","2021.03","북구",74,20,4,50,0,8804,399,2375,5496,534
"부산","2021.03","사상구",143,27,19,97,0,10347,562,2930,6374,481
"부산","2021.03","사하구",87,10,2,75,0,11982,519,2861,7871,731
"부산","2021.03","서구",9,1,6,2,0,6245,224,1664,4087,270
"부산","2021.03","수영구",103,5,0,98,0,6893,319,1888,4180,506
"부산","2021.03","연제구",141,5,5,95,36,6799,265,1659,4361,514
"부산","2021.03","영도구",54,6,4,44,0,6367,205,1567,4322,273
"부산","2021.03","해운대구",99,13,0,85,1,12950,560,3248,8069,1073
"부산","2021.03","부산기타",0,0,0,0,0,14,0,10,4,0
"부산","2021.04","금정구",97,12,8,74,3,8378,386,2272,5271,449
"부산","2021.04","기장군",75,10,7,58,0,5733,284,1644,3361,444
"부산","2021.04","남구",34,3,10,21,0,10928,502,2660,6995,771
"부산","2021.04","동구",75,6,29,39,1,4379,221,970,2935,253
"부산","2021.04","동래구",78,5,1,72,0,8838,423,2373,5404,638
"부산","2021.04","부산진구",131,17,23,90,1,17878,614,5935,10233,1096
"부산","2021.04","북구",75,20,4,50,1,8878,405,2410,5510,553
"부산","2021.04","사상구",141,26,19,96,0,10456,574,2972,6408,502
"부산","2021.04","사하구",87,10,2,75,0,12097,525,2904,7916,752
"부산","2021.04","서구",9,1,6,2,0,6281,223,1670,4112,276
"부산","2021.04","수영구",104,5,1,98,0,6944,317,1896,4208,523
"부산","2021.04","연제구",141,5,5,95,36,6819,270,1668,4358,523
"부산","2021.04","영도구",54,6,4,44,0,6395,199,1588,4331,277
"부산","2021.04","해운대구",99,13,0,85,1,13041,560,3290,8091,1100
"부산","2021.04","부산기타",0,0,0,0,0,14,0,10,4,0
"부산","2021.05","금정구",96,12,8,74,2,8403,380,2276,5296,451
"부산","2021.05","기장군",75,10,7,58,0,5769,286,1652,3370,461
"부산","2021.05","남구",34,3,10,21,0,10961,507,2674,6996,784
"부산","2021.05","동구",75,6,29,39,1,4393,219,971,2952,251
"부산","2021.05","동래구",78,5,1,72,0,8855,423,2367,5417,648
"부산","2021.05","부산진구",131,17,23,90,1,17888,606,5921,10247,1114
"부산","2021.05","북구",75,20,4,50,1,8895,405,2426,5507,557
"부산","2021.05","사상구",141,26,19,96,0,10457,567,2958,6419,513
"부산","2021.05","사하구",89,10,2,75,2,12175,526,2922,7957,770
"부산","2021.05","서구",9,1,6,2,0,6263,223,1679,4088,273
"부산","2021.05","수영구",104,5,1,98,0,6973,317,1903,4227,526
"부산","2021.05","연제구",141,5,5,95,36,6839,267,1668,4361,543
"부산","2021.05","영도구",54,6,4,44,0,6431,198,1595,4350,288
"부산","2021.05","해운대구",98,13,0,84,1,13089,554,3306,8137,1092
"부산","2021.05","부산기타",0,0,0,0,0,14,0,10,4,0
"부산","2021.06","금정구",96,12,8,74,2,8403,380,2276,5296,451
"부산","2021.06","기장군",75,10,7,58,0,5769,286,1652,3370,461
"부산","2021.06","남구",34,3,10,21,0,10961,507,2674,6996,784
"부산","2021.06","동구",75,6,29,39,1,4393,219,971,2952,251
"부산","2021.06","동래구",78,5,1,72,0,8855,423,2367,5417,648
"부산","2021.06","부산진구",131,17,23,90,1,17888,606,5921,10247,1114
"부산","2021.06","북구",75,20,4,50,1,8895,405,2426,5507,557
"부산","2021.06","사상구",141,26,19,96,0,10457,567,2958,6419,513
"부산","2021.06","사하구",89,10,2,75,2,12175,526,2922,7957,770
"부산","2021.06","서구",9,1,6,2,0,6263,223,1679,4088,273
"부산","2021.06","수영구",104,5,1,98,0,6973,317,1903,4227,526
"부산","2021.06","연제구",141,5,5,95,36,6839,267,1668,4361,543
"부산","2021.06","영도구",54,6,4,44,0,6431,198,1595,4350,288
"부산","2021.06","해운대구",98,13,0,84,1,13089,554,3306,8137,1092
"부산","2021.06","부산기타",0,0,0,0,0,14,0,10,4,0
"부산","2021.07","금정구",94,10,8,74,2,8479,377,2299,5330,473
"부산","2021.07","기장군",75,10,7,58,0,5782,276,1653,3387,466
"부산","2021.07","남구",34,3,10,21,0,10983,484,2665,7022,812
"부산","2021.07","동구",75,6,29,39,1,4401,210,970,2950,271
"부산","2021.07","동래구",75,2,1,72,0,8875,414,2373,5443,645
"부산","2021.07","부산진구",129,17,23,88,1,17982,607,5941,10295,1139
"부산","2021.07","북구",73,20,4,48,1,8982,403,2430,5573,576
"부산","2021.07","사상구",138,25,19,94,0,10480,556,2956,6426,542
"부산","2021.07","사하구",88,10,2,75,1,12214,520,2923,7976,795
"부산","2021.07","서구",9,1,6,2,0,6315,220,1688,4133,274
"부산","2021.07","수영구",104,5,1,98,0,7087,324,1921,4292,550
"부산","2021.07","연제구",141,5,5,95,36,6845,263,1666,4357,559
"부산","2021.07","영도구",53,6,4,43,0,6478,195,1600,4387,296
"부산","2021.07","해운대구",97,13,0,83,1,13206,547,3300,8221,1138
"부산","2021.07","부산기타",0,0,0,0,0,14,0,10,4,0
"부산","2021.08","금정구",93,10,8,73,2,8554,387,2318,5366,483
"부산","2021.08","기장군",73,8,8,57,0,5765,283,1599,3406,477
"부산","2021.08","남구",36,5,10,21,0,11033,485,2680,7047,821
"부산","2021.08","동구",75,6,29,39,1,4444,213,985,2959,287
"부산","2021.08","동래구",74,2,1,71,0,8920,415,2392,5457,656
"부산","2021.08","부산진구",134,17,26,89,2,18114,616,5977,10354,1167
"부산","2021.08","북구",64,12,4,47,1,9057,413,2458,5615,571
"부산","2021.08","사상구",148,29,25,94,0,10542,555,2993,6446,548
"부산","2021.08","사하구",88,10,2,75,1,12303,527,2965,8008,803
"부산","2021.08","서구",9,1,6,2,0,6359,228,1704,4141,286
"부산","2021.08","수영구",104,5,1,98,0,7149,334,1929,4327,559
"부산","2021.08","연제구",141,5,5,95,36,6855,272,1666,4341,576
"부산","2021.08","영도구",52,6,4,42,0,6526,199,1622,4412,293
"부산","2021.08","해운대구",96,12,0,83,1,13335,567,3327,8277,1164
"부산","2021.08","부산기타",0,0,0,0,0,14,0,10,4,0
"부산","2021.09","금정구",83,10,5,66,2,8164,388,2063,5218,495
"부산","2021.09","기장군",76,8,11,57,0,5755,285,1568,3411,491
"부산","2021.09","남구",35,4,10,21,0,10638,484,2438,6892,824
"부산","2021.09","동구",68,6,29,32,1,4476,218,988,2989,281
"부산","2021.09","동래구",74,2,1,71,0,8976,423,2408,5486,659
"부산","2021.09","부산진구",125,18,16,89,2,15383,626,3897,9696,1164
"부산","2021.09","북구",63,12,4,47,0,9118,430,2469,5621,598
"부산","2021.09","사상구",156,34,28,94,0,10620,573,2999,6490,558
"부산","2021.09","사하구",88,10,2,75,1,12342,540,2982,8013,807
"부산","2021.09","서구",9,1,6,2,0,6383,229,1713,4146,295
"부산","2021.09","수영구",108,5,4,98,1,6487,327,1482,4105,573
"부산","2021.09","연제구",141,5,5,95,36,6903,276,1679,4367,581
"부산","2021.09","영도구",50,6,2,42,0,6536,206,1619,4425,286
"부산","2021.09","해운대구",100,12,4,83,1,13400,581,3347,8299,1173
"부산","2021.09","부산기타",0,0,0,0,0,13,0,10,3,0
"부산","2021.10","금정구",82,9,5,66,2,8196,384,2058,5245,509
"부산","2021.10","기장군",70,8,6,56,0,5632,284,1486,3360,502
"부산","2021.10","남구",35,4,10,21,0,10700,492,2437,6938,833
"부산","2021.10","동구",68,6,29,32,1,4495,216,982,3008,289
"부산","2021.10","동래구",74,2,1,71,0,8971,420,2404,5469,678
"부산","2021.10","부산진구",122,18,16,86,2,15434,627,3889,9739,1179
"부산","2021.10","북구",64,12,4,48,0,9157,432,2479,5629,617
"부산","2021.10","사상구",155,34,28,93,0,10634,573,2997,6499,565
"부산","2021.10","사하구",88,10,2,74,2,12369,528,2978,8054,809
"부산","2021.10","서구",9,1,6,2,0,6385,222,1719,4155,289
"부산","2021.10","수영구",108,5,4,98,1,6527,331,1473,4125,598
"부산","2021.10","연제구",141,5,5,95,36,6911,279,1680,4371,581
"부산","2021.10","영도구",51,6,2,43,0,6562,202,1624,4439,297
"부산","2021.10","해운대구",103,12,4,86,1,13414,579,3338,8308,1189
"부산","2021.10","부산기타",0,0,0,0,0,12,0,10,2,0
"부산","2021.11","금정구",85,9,5,69,2,8094,382,2012,5184,516
"부산","2021.11","기장군",69,8,5,56,0,5465,286,1390,3279,510
"부산","2021.11","남구",36,4,11,21,0,10594,493,2379,6890,832
"부산","2021.11","동구",68,6,29,32,1,4421,216,932,2981,292
"부산","2021.11","동래구",74,2,1,71,0,8530,421,2102,5321,686
"부산","2021.11","부산진구",123,18,17,86,2,15256,615,3789,9683,1169
"부산","2021.11","북구",62,12,3,47,0,8353,433,1991,5310,619
"부산","2021.11","사상구",157,35,29,93,0,10499,575,2965,6397,562
"부산","2021.11","사하구",88,10,2,74,2,12353,529,2964,8041,819
"부산","2021.11","서구",9,1,6,2,0,5986,216,1474,4002,294
"부산","2021.11","수영구",108,5,4,98,1,6508,328,1451,4122,607
"부산","2021.11","연제구",136,5,5,90,36,6874,273,1649,4358,594
"부산","2021.11","영도구",50,6,2,42,0,6297,205,1452,4337,303
"부산","2021.11","해운대구",100,12,2,85,1,12501,579,2905,7828,1189
"부산","2021.11","부산기타",0,0,0,0,0,12,0,10,2,0
"부산","2021.12","금정구",85,9,5,69,2,8062,376,2000,5169,517
"부산","2021.12","기장군",67,6,5,56,0,5501,285,1398,3295,523
"부산","2021.12","남구",34,3,10,21,0,10583,492,2378,6879,834
"부산","2021.12","동구",69,7,29,32,1,4408,216,925,2982,285
"부산","2021.12","동래구",74,2,1,71,0,8532,413,2102,5329,688
"부산","2021.12","부산진구",120,15,17,87,1,15204,612,3791,9630,1171
"부산","2021.12","북구",62,12,3,47,0,8345,436,1988,5297,624
"부산","2021.12","사상구",155,34,28,93,0,10489,571,2979,6374,565
"부산","2021.12","사하구",86,8,2,74,2,12264,521,2919,8020,804
"부산","2021.12","서구",9,1,6,2,0,5966,219,1475,3970,302
"부산","2021.12","수영구",108,5,4,98,1,6495,326,1444,4118,607
"부산","2021.12","연제구",136,5,5,90,36,6720,272,1557,4283,608
"부산","2021.12","영도구",48,4,2,42,0,6293,204,1453,4335,301
"부산","2021.12","해운대구",99,10,3,85,1,12506,574,2910,7831,1191
"부산","2021.12","부산기타",0,0,0,0,0,12,0,10,2,0
"부산","2022.01","금정구",84,9,5,68,2,8050,375,1995,5160,520
"부산","2022.01","기장군",67,6,5,56,0,5507,280,1395,3307,525
"부산","2022.01","남구",34,3,10,21,0,10543,488,2375,6850,830
"부산","2022.01","동구",69,7,29,32,1,4403,206,921,2980,296
"부산","2022.01","동래구",74,2,1,71,0,8577,413,2097,5379,688
"부산","2022.01","부산진구",122,15,19,87,1,15218,612,3794,9616,1196
"부산","2022.01","북구",62,12,3,47,0,8363,428,1993,5315,627
"부산","2022.01","사상구",150,34,26,90,0,9140,569,2198,5794,579
"부산","2022.01","사하구",86,8,2,74,2,12270,520,2912,8028,810
"부산","2022.01","서구",9,1,6,2,0,5957,216,1477,3959,305
"부산","2022.01","수영구",108,5,4,98,1,6495,322,1441,4112,620
"부산","2022.01","연제구",135,5,4,90,36,6741,268,1566,4295,612
"부산","2022.01","영도구",48,4,2,42,0,6310,203,1451,4350,306
"부산","2022.01","해운대구",97,10,1,85,1,12516,573,2913,7827,1203
"부산","2022.01","부산기타",0,0,0,0,0,12,0,10,2,0
"부산","2022.02","금정구",84,9,5,68,2,8004,374,1991,5125,514
"부산","2022.02","기장군",67,6,5,56,0,5523,282,1402,3318,521
"부산","2022.02","남구",32,3,10,19,0,10532,485,2370,6823,854
"부산","2022.02","동구",69,7,29,32,1,4418,209,921,2991,297
"부산","2022.02","동래구",74,2,1,71,0,8614,415,2093,5415,691
"부산","2022.02","부산진구",125,15,22,87,1,15269,611,3795,9665,1198
"부산","2022.02","북구",61,11,3,47,0,8372,422,2003,5314,633
"부산","2022.02","사상구",150,34,26,90,0,9146,567,2195,5814,570
"부산","2022.02","사하구",85,8,2,73,2,12307,516,2911,8045,835
"부산","2022.02","서구",9,1,6,2,0,5954,216,1474,3965,299
"부산","2022.02","수영구",108,5,4,98,1,6495,319,1436,4113,627
"부산","2022.02","연제구",135,5,4,90,36,6748,273,1565,4295,615
"부산","2022.02","영도구",48,4,2,42,0,6314,205,1447,4346,316
"부산","2022.02","해운대구",97,10,1,85,1,12494,574,2907,7813,1200
"부산","2022.02","부산기타",0,0,0,0,0,12,0,10,2,0
"부산","2022.03","금정구",84,9,5,68,2,8039,368,1994,5144,533
"부산","2022.03","기장군",68,6,5,57,0,5543,282,1401,3336,524
"부산","2022.03","남구",32,3,10,19,0,10553,478,2367,6847,861
"부산","2022.03","동구",69,7,29,32,1,4423,210,926,2988,299
"부산","2022.03","동래구",74,2,1,71,0,8689,418,2088,5471,712
"부산","2022.03","부산진구",125,15,22,87,1,15386,603,3806,9739,1238
"부산","2022.03","북구",61,11,3,47,0,8448,413,2009,5380,646
"부산","2022.03","사상구",152,35,26,91,0,9155,564,2191,5827,573
"부산","2022.03","사하구",84,8,2,73,1,12377,519,2914,8087,857
"부산","2022.03","서구",9,1,6,2,0,5978,213,1470,3991,304
"부산","2022.03","수영구",107,4,4,98,1,6506,320,1430,4124,632
"부산","2022.03","연제구",135,5,4,90,36,6780,275,1565,4328,612
"부산","2022.03","영도구",48,4,2,42,0,6293,199,1442,4332,320
"부산","2022.03","해운대구",97,10,1,85,1,12564,569,2912,7861,1222
"부산","2022.03","부산기타",0,0,0,0,0,12,0,10,2,0
"부산","2022.04","금정구",84,9,5,68,2,8087,362,2029,5152,544
"부산","2022.04","기장군",69,6,6,57,0,5571,278,1414,3359,520
"부산","2022.04","남구",32,3,10,19,0,10587,481,2371,6869,866
"부산","2022.04","동구",64,3,28,32,1,4440,203,934,2997,306
"부산","2022.04","동래구",74,2,1,71,0,8766,420,2091,5518,737
"부산","2022.04","부산진구",125,15,22,87,1,15505,586,3849,9796,1274
"부산","2022.04","북구",62,11,4,47,0,8544,408,2033,5451,652
"부산","2022.04","사상구",159,32,32,94,1,9198,559,2198,5840,601
"부산","2022.04","사하구",81,4,2,73,2,12424,514,2925,8109,876
"부산","2022.04","서구",9,1,6,2,0,5974,216,1466,3983,309
"부산","2022.04","수영구",103,0,4,98,1,6555,321,1429,4158,647
"부산","2022.04","연제구",135,5,4,90,36,6801,277,1571,4341,612
"부산","2022.04","영도구",48,4,2,42,0,6288,204,1452,4315,317
"부산","2022.04","해운대구",97,10,1,85,1,12604,558,2945,7856,1245
"부산","2022.04","부산기타",0,0,0,0,0,12,0,10,2,0
"부산","2022.05","금정구",78,4,5,67,2,8109,367,2037,5147,558
"부산","2022.05","기장군",68,5,6,57,0,5610,285,1420,3371,534
"부산","2022.05","남구",32,3,10,19,0,10647,471,2379,6921,876
"부산","2022.05","동구",63,2,28,32,1,4452,201,937,3007,307
"부산","2022.05","동래구",74,2,1,71,0,8792,407,2096,5530,759
"부산","2022.05","부산진구",120,10,22,87,1,15509,583,3858,9792,1276
"부산","2022.05","북구",53,2,4,47,0,8608,410,2042,5486,670
"부산","2022.05","사상구",156,26,33,96,1,9179,557,2202,5835,585
"부산","2022.05","사하구",82,4,2,73,3,12472,521,2931,8116,904
"부산","2022.05","서구",9,1,6,2,0,5984,218,1466,3983,317
"부산","2022.05","수영구",103,0,4,98,1,6612,323,1440,4198,651
"부산","2022.05","연제구",135,5,4,90,36,6807,259,1568,4357,623
"부산","2022.05","영도구",48,4,2,42,0,6338,213,1458,4336,331
"부산","2022.05","해운대구",93,6,1,85,1,12599,547,2953,7857,1242
"부산","2022.05","부산기타",0,0,0,0,0,12,0,10,2,0
"부산","2022.06","금정구",77,4,4,67,2,8126,368,2047,5144,567
"부산","2022.06","기장군",68,4,7,57,0,5661,289,1429,3396,547
"부산","2022.06","남구",32,3,10,19,0,10667,461,2377,6937,892
"부산","2022.06","동구",63,2,28,32,1,4433,197,931,3001,304
"부산","2022.06","동래구",74,2,1,71,0,8788,406,2083,5529,770
"부산","2022.06","부산진구",119,10,22,86,1,15529,591,3844,9805,1289
"부산","2022.06","북구",53,2,4,47,0,8612,410,2035,5494,673
"부산","2022.06","사상구",157,26,34,96,1,9165,539,2206,5834,586
"부산","2022.06","사하구",82,4,2,73,3,12508,529,2931,8131,917
"부산","2022.06","서구",9,1,6,2,0,6004,218,1470,3997,319
"부산","2022.06","수영구",103,0,4,98,1,6625,319,1444,4208,654
"부산","2022.06","연제구",135,5,4,90,36,6829,261,1576,4358,634
"부산","2022.06","영도구",49,4,2,43,0,6315,209,1463,4325,318
"부산","2022.06","해운대구",93,6,1,85,1,12578,536,2937,7870,1235
"부산","2022.06","부산기타",0,0,0,0,0,12,0,10,2,0
"부산","2022.07","금정구",76,4,4,67,1,8158,369,2057,5154,578
"부산","2022.07","기장군",66,2,7,57,0,5697,293,1430,3413,561
"부산","2022.07","남구",32,3,10,19,0,10711,460,2383,6966,902
"부산","2022.07","동구",57,2,22,32,1,4456,198,934,3009,315
"부산","2022.07","동래구",74,2,1,71,0,8852,410,2090,5549,803
"부산","2022.07","부산진구",119,10,22,86,1,15596,597,3869,9828,1302
"부산","2022.07","북구",52,1,4,47,0,8644,410,2037,5497,700
"부산","2022.07","사상구",161,27,36,97,1,9191,552,2213,5839,587
"부산","2022.07","사하구",82,4,2,73,3,12429,535,2866,8105,923
"부산","2022.07","서구",9,1,6,2,0,6041,219,1472,4021,329
"부산","2022.07","수영구",103,0,4,98,1,6674,311,1451,4247,665
"부산","2022.07","연제구",135,5,4,90,36,6827,269,1570,4348,640
"부산","2022.07","영도구",49,4,2,43,0,6358,218,1470,4348,322
"부산","2022.07","해운대구",94,7,1,85,1,12598,542,2940,7855,1261
"부산","2022.07","부산기타",0,0,0,0,0,12,0,10,2,0
"부산","2022.08","금정구",78,4,4,69,1,8138,364,2053,5136,585
"부산","2022.08","기장군",68,2,7,59,0,5722,295,1441,3417,569
"부산","2022.08","남구",32,3,10,19,0,10684,450,2377,6951,906
"부산","2022.08","동구",57,2,22,32,1,4453,199,935,3010,309
"부산","2022.08","동래구",74,2,1,71,0,8882,414,2096,5558,814
"부산","2022.08","부산진구",119,10,22,86,1,15664,591,3868,9873,1332
"부산","2022.08","북구",51,1,4,46,0,8666,415,2033,5505,713
"부산","2022.08","사상구",161,27,37,96,1,9222,554,2216,5857,595
"부산","2022.08","사하구",80,4,2,73,1,12430,529,2859,8116,926
"부산","2022.08","서구",9,1,6,2,0,6053,214,1479,4024,336
"부산","2022.08","수영구",85,0,4,80,1,6714,305,1454,4275,680
"부산","2022.08","연제구",130,5,4,85,36,6835,266,1566,4352,651
"부산","2022.08","영도구",50,5,2,43,0,6364,216,1470,4355,323
"부산","2022.08","해운대구",94,7,1,85,1,12679,540,2936,7912,1291
"부산","2022.08","부산기타",0,0,0,0,0,12,0,10,2,0
"부산","2022.09","금정구",79,5,4,69,1,8140,356,2061,5141,582
"부산","2022.09","기장군",67,2,7,58,0,5749,296,1452,3426,575
"부산","2022.09","남구",31,3,10,18,0,10712,445,2384,6969,914
"부산","2022.09","동구",57,2,22,32,1,4454,197,944,3010,303
"부산","2022.09","동래구",74,2,1,71,0,8915,412,2107,5565,831
"부산","2022.09","부산진구",120,10,22,87,1,15772,592,3903,9927,1350
"부산","2022.09","북구",50,1,4,45,0,8706,415,2056,5517,718
"부산","2022.09","사상구",163,27,38,97,1,9239,546,2221,5880,592
"부산","2022.09","사하구",80,3,2,73,2,12464,533,2879,8117,935
"부산","2022.09","서구",9,1,6,2,0,6072,212,1485,4039,336
"부산","2022.09","수영구",85,0,4,80,1,6743,312,1457,4288,686
"부산","2022.09","연제구",134,5,4,89,36,6851,263,1583,4353,652
"부산","2022.09","영도구",50,5,2,43,0,6381,217,1473,4365,326
"부산","2022.09","해운대구",95,7,2,85,1,12722,537,2949,7926,1310
"부산","2022.09","부산기타",0,0,0,0,0,12,0,10,2,0
"부산","2022.10","금정구",79,5,4,69,1,8129,349,2073,5132,575
"부산","2022.10","기장군",68,2,8,58,0,5774,300,1456,3431,587
"부산","2022.10","남구",31,3,10,18,0,10700,441,2390,6935,934
"부산","2022.10","동구",57,2,22,32,1,4452,188,945,3008,311
"부산","2022.10","동래구",73,1,1,71,0,8925,409,2114,5551,851
"부산","2022.10","부산진구",120,10,22,87,1,15869,609,3902,9974,1384
"부산","2022.10","북구",50,1,4,45,0,8722,411,2068,5530,713
"부산","2022.10","사상구",162,27,38,96,1,9232,540,2229,5867,596
"부산","2022.10","사하구",83,6,2,73,2,12465,534,2878,8103,950
"부산","2022.10","서구",9,1,6,2,0,6067,209,1487,4036,335
"부산","2022.10","수영구",85,0,4,80,1,6727,313,1466,4266,682
"부산","2022.10","연제구",134,5,4,89,36,6873,262,1582,4366,663
"부산","2022.10","영도구",50,5,2,43,0,6379,214,1477,4360,328
"부산","2022.10","해운대구",95,7,2,85,1,12756,543,2948,7940,1325
"부산","2022.10","부산기타",0,0,0,0,0,12,0,10,2,0
"부산","2022.11","금정구",78,5,4,68,1,8115,350,2067,5122,576
"부산","2022.11","기장군",68,2,8,58,0,5793,305,1462,3414,612
"부산","2022.11","남구",31,3,10,18,0,10716,443,2393,6943,937
"부산","2022.11","동구",57,2,22,32,1,4441,186,947,2992,316
"부산","2022.11","동래구",74,1,1,71,1,8924,417,2118,5534,855
"부산","2022.11","부산진구",119,10,21,87,1,15920,614,3914,9994,1398
"부산","2022.11","북구",50,1,4,45,0,8724,413,2067,5514,730
"부산","2022.11","사상구",162,27,38,96,1,9247,536,2239,5879,593
"부산","2022.11","사하구",83,6,2,73,2,12483,531,2885,8091,976
"부산","2022.11","서구",9,1,6,2,0,6092,210,1490,4051,341
"부산","2022.11","수영구",85,0,4,80,1,6696,309,1469,4239,679
"부산","2022.11","연제구",134,5,4,89,36,6878,270,1584,4366,658
"부산","2022.11","영도구",50,5,2,43,0,6376,213,1479,4356,328
"부산","2022.11","해운대구",96,7,2,86,1,12732,535,2939,7941,1317
"부산","2022.11","부산기타",0,0,0,0,0,12,0,10,2,0
"부산","2022.12","금정구",79,5,4,68,2,8101,348,2072,5113,568
"부산","2022.12","기장군",68,2,8,58,0,5806,313,1462,3412,619
"부산","2022.12","남구",31,3,10,18,0,10699,448,2390,6922,939
"부산","2022.12","동구",57,2,22,32,1,4436,186,944,2989,317
"부산","2022.12","동래구",74,1,1,71,1,8905,418,2129,5500,858
"부산","2022.12","부산진구",119,10,21,87,1,15901,619,3914,9976,1392
"부산","2022.12","북구",50,1,4,45,0,8706,416,2076,5492,722
"부산","2022.12","사상구",162,27,38,96,1,9258,542,2244,5879,593
"부산","2022.12","사하구",81,6,2,73,0,12477,534,2880,8084,979
"부산","2022.12","서구",9,1,6,2,0,6070,209,1483,4040,338
"부산","2022.12","수영구",85,0,4,80,1,6705,310,1471,4243,681
"부산","2022.12","연제구",134,5,4,89,36,6852,273,1587,4338,654
"부산","2022.12","영도구",50,5,2,43,0,6378,219,1480,4344,335
"부산","2022.12","해운대구",96,7,2,86,1,12706,536,2941,7901,1328
"부산","2022.12","부산기타",0,0,0,0,0,12,0,10,2,0
